id,category,question,unit,metric,estimate,uncertainty,evidence_grade,source_id,scope,transfer_to_user,decision_impact,status,notes
BASE-001,base_rate,How often do retail CFD accounts lose?,account,loss_rate,"74%-89% lose money",cross-regulator range,B,SRC-ESMA-2018,EU retail CFD accounts,medium,high,verified_external,"Base rate only; do not map directly to a specific EURUSD strategy"
BASE-002,base_rate,Do persistent retail day traders usually become profitable?,trader,loss_rate,"97% of traders persisting >300 days lost money",study-specific sample,B,SRC-CHAGUE-2020,Brazilian equity futures starters 2013-2015,low-medium,high,verified_external,"Strong warning against assuming practice alone creates edge"
BASE-003,base_rate,Can a small subset of day traders show persistent skill?,trader,predictable_abnormal_return,"<1% of day-trader population predictably and reliably earned positive abnormal returns net fees",study design specific,B,SRC-BARBER-2014,Taiwan day traders 1992-2006,low-medium,high,verified_external,"Evidence that skill may exist but is rare in this population"
GENDER-001,demographic,Did men trade more than women in one US brokerage sample?,household,turnover,"men traded about 45% more",historical US brokerage sample,B,SRC-BARBER-ODEAN-2001,US brokerage households 1991-1997,low,low,verified_external,"Mechanism of interest is turnover/overconfidence/cost rather than sex itself"
GENDER-002,demographic,Was male vs female performance different after controls in one China study?,investor,performance_difference,"no statistically significant performance difference",study/population specific,B,SRC-FENG-SEASHOLES-2008,China emerging-market individual investors,low,low,verified_external,"Do not build personal win probability from gender"
COMPLEX-001,complexity,Does more optimization automatically improve out-of-sample results?,portfolio,oop_performance,"14 optimized allocation models did not consistently beat 1/N out of sample",portfolio problem not trading rule,B,SRC-DEMIGUEL-2009,7 portfolio datasets,medium,high,verified_external,"Illustrates estimation error and burden of proof for complexity"
TURNOVER-001,behavior,Did the most active US brokerage households outperform?,household,annual_return,"most active ~11.4% vs market ~17.9% in sample",historical sample,B,SRC-BARBER-ODEAN-2000,US brokerage households,low-medium,high,verified_external,"Turnover and costs matter; not a direct day-trading win-rate claim"
SAMPLE-001,sample_size,How uncertain is a 50% observed win rate at n=100?,trade,win_rate_interval,"~40.4%-59.6% Wilson 95% interval",assumes binomial-like independent trials,A,SRC-DERIVED-MATH,generic Bernoulli illustration,high,high,derived_math,"Shows why 100 trades does not imply precise win-rate knowledge"
STREAK-001,variance,Can a true 55% win-rate system still show 5 losses in a row?,sequence,run_probability,"~88% chance of at least one 5-loss run in 200 IID trades",IID assumption; not a market forecast,A,SRC-DERIVED-MATH,illustrative IID sequence,high,high,derived_math,"Use only to understand variance"
YT1-EXP-001,system_math,What drives theoretical expectancy?,strategy,expectancy,"EV=(WinRate*AvgWin)-(LossRate*AvgLoss)",formula omits costs unless subtracted,A,SRC-YT-TRADING-MATH,generic strategy math,high,very_high,derived_math,"Video teaches this around 01:17-02:59; formula itself is standard math"
YT1-COST-001,cost,Why is paper expectancy not realized expectancy?,strategy,expectancy_after_cost,"spread + commission + slippage reduce expectancy",amount depends on venue/execution,D,SRC-YT-TRADING-MATH,generic trading,high,very_high,video_model_example,"Video around 02:59-03:17"
YT1-BE-001,system_math,What win rate breaks even for fixed 1R loss and reward R?,strategy,breakeven_win_rate,"BE win rate = 1/(R+1); at 4R = 20%",before costs and assuming fixed payoff,A,SRC-YT-TRADING-MATH,generic fixed-R model,high,high,derived_math,"Video around 06:25-06:54"
YT1-VAR-001,variance,Can identical expectancy create different equity curves?,sequence,path_dispersion,"same system/rules/expectancy can have materially different paths",magnitude depends on distribution,D,SRC-YT-TRADING-MATH,generic illustrative simulation,high,very_high,video_model_example,"Video around 06:54-08:15"
YT1-GAMBLER-001,behavior,Does a loss streak imply the next trade must win?,trade,conditional_probability,"No under an independence model",real trades may not be independent,D,SRC-YT-TRADING-MATH,generic teaching example,medium,medium,video_model_example,"Video around 08:15-09:19; independence must be tested rather than assumed"
YT1-SIZE-001,risk,How should position size change if dollar risk is fixed?,trade,position_size,"larger stop -> smaller size; smaller stop -> larger size",requires instrument value/fees,A,SRC-YT-TRADING-MATH,generic risk sizing,high,very_high,derived_math,"Video around 09:19-11:30"
YT1-RUIN-001,risk,What happens to severe drawdown risk when risk per trade increases?,account,drawdown_probability,"risk of severe drawdown/ruin rises nonlinearly as risk per trade rises",exact curve depends on edge/distribution,D,SRC-YT-TRADING-MATH,creator illustration,high,very_high,pending_reproduction,"Video around 11:30-12:36; exact plotted probabilities not yet reproduced"
YT2-PASS-001,prop_firm,Is prop pass probability the same as strategy profitability?,challenge,pass_probability,"No; target and failure boundaries plus trade order can change pass/fail",firm rules and model assumptions,D,SRC-YT-PROP-MATH,generic prop challenge model,high,very_high,video_model_example,"Central distinction in video"
YT2-VAR-001,prop_firm,Can strategies with similar expectancy have different pass rates?,challenge,pass_probability,"creator example: Strategy A 68%, B 57%, C 42%",simulation assumptions not reproduced,D,SRC-YT-PROP-MATH,futures example in video,low,high,pending_reproduction,"Around 08:40-09:00; C relies on rarer larger wins"
YT2-RISK-001,prop_firm,Can a positive-expectancy system fail more often when risk per trade is larger?,challenge,pass_probability,"creator model: 60% WR and 3:1 shows ~100%, 95%, 79% pass at 0.5%, 1%, 2% risk",simulation assumptions not independently reproduced,D,SRC-YT-PROP-MATH,creator pass model,low-medium,very_high,pending_reproduction,"Around 15:35-16:10"
YT2-LUCK-001,prop_firm,Can a losing system sometimes pass faster when size increases?,challenge,pass_probability,"creator model: 40% WR and 1:1 shows ~1%, 7%, 19% pass as risk rises 0.5%,1%,2%",simulation assumptions not independently reproduced,D,SRC-YT-PROP-MATH,creator pass model,low-medium,high,pending_reproduction,"Illustrates pass != profitability; around 16:15-16:45"
YT2-RULES-001,prop_firm,Do added challenge rules reduce modeled pass probability?,challenge,pass_probability,"visual example: strategy-only 100% -> max DD 72% -> daily loss 61% -> trailing DD 49% -> consistency 42%",creator visual; exact setup not reproduced,D,SRC-YT-PROP-MATH,creator illustrative rule stack,low,very_high,pending_reproduction,"Storyboard around 19:45-20:20; never treat as universal firm probabilities"
YT2-DD-001,prop_firm,How do static and trailing drawdown differ?,challenge,loss_boundary,"static floor stays fixed; trailing floor rises with account high/watermark",implementation differs by firm/account type,D,SRC-YT-PROP-MATH,generic prop rule taxonomy,medium,very_high,video_model_example,"Video distinguishes intraday trailing vs end-of-day trailing around 17:40-19:35"
YT2-RETURN-001,prop_firm,Why can payout screenshots overstate economics?,attempt_set,net_return,"creator example: 100 attempts*$150=$15k fees; 6 payouts*$2k=$12k; net -$3k",illustrative inputs not population data,D,SRC-YT-PROP-MATH,creator hypothetical example,low,medium,video_model_example,"Around 21:05-22:05; use concept, not numbers as real-world base rate"
BR01-001,candidate,Does BR-01 breakout-first-retest have a verified edge?,strategy,expectancy,unknown,not enough validated evidence,NA,SRC-LOCAL-BR01,EURUSD H1 candidate,high,very_high,candidate_specific_pending,"Do not optimize or assign probability until protocol/data gate is adequate"

