Name,Trade Date,Trade Recap,Learning,Pair,Po3 Range,Strategy,Setup,Macro,Hợp lưu GB,Follow your plan,bias,Market Condition,Entry,Entry TF,R:R,R:R Potential,WR,Position,Day,Month,STime Entry,News
,10/07/2026 21:46 (GMT+7),For%20those%20who%20ever%20need/Notes/Performance/Untitled/image.png,cảm ơn Trăm,US100,243,Price Action,"CET 44, GBT 41, IFVG LTF, stop hunt goldbach",,Yes,Yes,GB Level,"Range HTF, Range LTF, Trending MTF",Market,1m,-1,5.44,Loss,Buy,Fri,July,NY1 20:00 – 22:15,Trump Cannon Events
,09/07/2026 21:31 (GMT+7),For%20those%20who%20ever%20need/Notes/Performance/Untitled%20b639-0724/image.png,"cố tình chốt non, nếu không thì chốt đến vùng BR vùng sau",US100,243,Price Action,"CET 44, Cấu trúc ITL LTF, stop hunt goldbach",,No,No,,"Range LTF, Range MTF, Trending HTF",Limit,1m,6.9,6.9,Win,Buy,Thurs,July,NY1 20:00 – 22:15,NoThing
,08/07/2026 12:47 (GMT+7),For%20those%20who%20ever%20need/Notes/Performance/Untitled%2091d9-c3ef/image.png,Sai lầm nghiêm trọng khi trailing quá sớm,Ger40,243,Price Action,"CET 44, stop hunt goldbach",,Yes,No,m1 swing,"Range MTF, Trending HTF, Trending LTF",Market,1m,3.6,6.34,Win,Sell,Wed,July,A5 11:40 – 12:50,NoThing
,08/07/2026 12:35 (GMT+7),For%20those%20who%20ever%20need/Notes/Performance/Untitled%206589-2824/image.png,Không để ý ngay đoạn 35 giá đã tạo ra gap nên cần phải đợi,Ger40,243,Price Action,CET 35,,Yes,No,"GB Level, m1 swing","Range MTF, Trending HTF, Trending LTF",Market,1m,-0.5,0,Loss,Sell,Wed,July,A5 11:40 – 12:50,NoThing
,07/07/2026 23:00 (GMT+7),"For%20those%20who%20ever%20need/Notes/Performance/Untitled%20ecf9-ddd1/image.png, For%20those%20who%20ever%20need/Notes/Performance/Untitled%20ecf9-ddd1/image%201.png","chốt non, ít nhất cũng phải lên vùng breaker của range sau",US100,243,Price Action,"GBT 56, Mitigation Setup",,No,Yes,"GB Level, m1 OB","Countertrend HTF, Countertrend MTF, Trending LTF",Market,1m,4.49,4.49,Win,Buy,Tues,July,NY2 22:15 – 00:30,NoThing
,07/07/2026 14:33 (GMT+7),For%20those%20who%20ever%20need/Notes/Performance/Untitled%200009-6c23/image.png,Phải tp xuống Low,US100,243,Price Action,"CET 35, OB MTF, Tôn trọng ITH",,Yes,Yes,CE OB Level,"Range LTF, Trending HTF, Trending MTF",Market,1m,3.95,3.95,Win,Sell,Tues,July,L1 14:00 -> 15:48,NoThing
,07/07/2026 13:29 (GMT+7),For%20those%20who%20ever%20need/Notes/Performance/Untitled%209599-0cd6/image.png,,US100,243,Price Action,"GBT 29, OB LTF, Sweep LTF",2:33 - 3:00,Yes,Yes,CE Breaker Level,"Countertrend MTF, Range HTF, Range LTF",Market,1m,3.23,3.23,Win,Sell,Tues,July,A6 12:50 – 14:00,NoThing
,07/07/2026 10:15 (GMT+7),"For%20those%20who%20ever%20need/Notes/Performance/Untitled%20c479-d873/image.png, For%20those%20who%20ever%20need/Notes/Performance/Untitled%20c479-d873/image%201.png","Chốt non, phải chốt về vùng stop run",US100,243,Price Action,"CET 14, OB LTF, Sweep LTF",,Yes,Yes,stop run,"Range LTF, Trending HTF, Trending MTF",Market,1m,8.75,8.75,Win,Sell,Tues,July,A3 09:20 – 10:30,NoThing
,02/07/2026 14:36 (GMT+7),For%20those%20who%20ever%20need/Notes/Performance/Untitled%20e849-e863/image.png,"Giá đi lên nhưng vol giảm, tăng mạnh khớp thêm nhiều vị thế",US100,81,PA + VL,"CET 35, FVG GBT 7, Mitigation Setup, Sweep LTF",2:33 - 3:00,Yes,Yes,50% partition tiếp theo,"Range HTF, Trending LTF, Trending MTF",Market,1m,8.78,8.78,Win,Sell,Thurs,July,L1 14:00 -> 15:48,HIGH
,02/07/2026 14:08 (GMT+7),For%20those%20who%20ever%20need/Notes/Performance/Untitled%20f4d9-dad2/image.png,,US100,81,Price Action,"11 -> 17/23, 7 -> 11",,No,No,Asian L,"Range HTF, Trending LTF, Trending MTF",Market,1m,3.57,3.57,Win,Sell,Thurs,July,L1 14:00 -> 15:48,HIGH
,02/07/2026 11:09 (GMT+7),For%20those%20who%20ever%20need/Notes/Performance/Untitled%2093f9-3e6a/image.png,,US100,243,Price Action,"11 -> 17/23, 7 -> 11",,No,No,GB Level,"Range HTF, Trending LTF, Trending MTF",Market,1m,3.74,12,Win,Sell,Thurs,July,A4 10:30 – 11:40,HIGH
,02/07/2026 11:03 (GMT+7),For%20those%20who%20ever%20need/Notes/Performance/Untitled%20fc79-9551/image.png,Chưa vào 3p nên entry quá vội,US100,81,Price Action,FVA LTF,,Yes,Yes,GB Level,"Range HTF, Range MTF, Trending LTF",Market,1m,-1,0,Loss,Buy,Thurs,July,A4 10:30 – 11:40,HIGH
,24/06/2026 3:29 (GMT+7),For%20those%20who%20ever%20need/Notes/Performance/Untitled%204369-2cd8/image.png,"chọn sai giờ, market gần đóng cửa",US100,81,Price Action,"GBT 29, RJ LTF",,No,Yes,m15 swing,"Range HTF, Range LTF, Range MTF",Market,1m,-1,1.27,Loss,Sell,Wed,June,NY4 02:45 – 05:00,NoThing
,24/06/2026 3:23 (GMT+7),For%20those%20who%20ever%20need/Notes/Performance/Untitled%20d779-6398/image.png,chưa có pivot,US100,81,Price Action,RJ LTF,,No,Yes,"GB Level, m15 swing","Range HTF, Range LTF, Range MTF",Limit,1m,-1,0,Loss,Sell,Wed,June,NY4 02:45 – 05:00,NoThing
,24/06/2026 3:06 (GMT+7),For%20those%20who%20ever%20need/Notes/Performance/Untitled%20bb19-5a09/image.png,đánh bừa bãi,US100,81,Price Action,FVG LTF,15:50 - 16:10,No,No,GB Level,"Range LTF, Range MTF, Trending HTF",Market,1m,-1,0,Loss,Sell,Wed,June,NY4 02:45 – 05:00,NoThing
,23/06/2026 23:33 (GMT+7),For%20those%20who%20ever%20need/Notes/Performance/Untitled%2028a9-9bd0/image.png,Khi market đang dải nhiều thanh khoản có sẵn trên thị trường thì đợi quét ở 41/44 rồi hẳn vào,US100,243,Price Action,"CET 35, GBT 29, OB LTF",,Yes,Yes,"GB Level, m1 DM","Range LTF, Range MTF, Trending HTF",Market,1m,-1,1.12,Loss,Sell,Tues,June,NY2 22:15 – 00:30,NoThing
,23/06/2026 14:35 (GMT+7),For%20those%20who%20ever%20need/Notes/Performance/Untitled%20c9f9-5dec/image.png,35 đang ngay đoạn OB dưới nên đợi hẳn 41 quét rồi vào,US100,243,Price Action,"CET 35, OB LTF",4:03 - 4:30,Yes,Yes,GB Level,"Trending HTF, Trending LTF, Trending MTF",Market,1m,-1,0,Loss,Sell,Tues,June,L1 14:00 -> 15:48,NoThing
,23/06/2026 14:30 (GMT+7),For%20those%20who%20ever%20need/Notes/Performance/Untitled%206da9-d5ba/image.png,,US100,243,Price Action,"CET 35, GBT 29, MMXM Algo, OB LTF",,Yes,Yes,GB Level,"Trending HTF, Trending LTF, Trending MTF",Market,1m,4.71,4.71,Win,Sell,Tues,June,L1 14:00 -> 15:48,NoThing
,23/06/2026 13:15 (GMT+7),For%20those%20who%20ever%20need/Notes/Performance/Untitled%207419-b400/image.png,đang dạy thấy cảnh này hoảng quá cắt sớm,US100,243,Price Action,"GBT 17, OB LTF",,Yes,Yes,GB Level,"Trending HTF, Trending LTF, Trending MTF",Market,1m,2,8.42,Win,Sell,Tues,June,A6 12:50 – 14:00,NoThing
,23/06/2026 13:11 (GMT+7),For%20those%20who%20ever%20need/Notes/Performance/Untitled%207129-5daa/image.png,Giai đoạn từ 00-11 thì giá sẽ giao động ở vùng trũng trước khi mà thật sự tiến tới những keylevel của Po3 range,US100,243,Price Action,"GBT 11, OB LTF",,No,Yes,GB Level,"Trending HTF, Trending LTF, Trending MTF",Market,1m,-1,0,Loss,Sell,Mon,June,A6 12:50 – 14:00,NoThing
,23/06/2026 11:33 (GMT+7),For%20those%20who%20ever%20need/Notes/Performance/Untitled%20c169-3baf/image.png,Đang trong 1 đà xu hướng mạnh thì TP ở vùng BR ở dưới vùng 0.5,US100,243,Price Action,"CET 35, GBT 29, OB LTF, Sweep LTF",,Yes,Yes,GB Level,"Trending HTF, Trending LTF, Trending MTF",Market,1m,4.07,4.07,Win,Sell,Tues,June,A4 10:30 – 11:40,NoThing
,23/06/2026 9:31 (GMT+7),For%20those%20who%20ever%20need/Notes/Performance/Untitled%202d49-c101/image.png,Với đà giảm mạnh và Algo trending đang hoạt động thì gồng ít nhất qua IPDA tiếp theo,US100,243,Price Action,"GBT 29, OB LTF, Sweep LTF",,Yes,Yes,GB Level,"Trending HTF, Trending LTF, Trending MTF",Market,1m,4.95,4.95,Win,Sell,Tues,June,A3 09:20 – 10:30,NoThing
,22/06/2026 12:50 (GMT+7),For%20those%20who%20ever%20need/Notes/Performance/Untitled%203c09-b7ba/image.png,THị trường đã đi đủ các Pha căn bản rồi thì chỉ đợi hình thành 1 cú quét là entry,US100,243,Price Action,"GBT 47, Sweep LTF",,Yes,Yes,h1 swing,"Range HTF, Trending LTF, Trending MTF",Market,"1h, 1m",51.18,51.18,Win,Buy,Mon,June,A6 12:50 – 14:00,NoThing
,22/06/2026 10:34 (GMT+7),For%20those%20who%20ever%20need/Notes/Performance/Untitled%203d89-4796/image.png,"Những lúc đang counter trend lại nhịp đẩy trước thì phải cẩn thận narrative chính và hơn hết là vùng stophunt, đó không còn là lựa chọn mà bắt buộc khi stop hunt diễn ra đồng thời ở 44",US100,81,Price Action,"CET 35, GBT 41, OB LTF",,Yes,Yes,BPR m15,"Range HTF, Range LTF, Range MTF",Market,1m,0,9.03,BE,Sell,Mon,June,A4 10:30 – 11:40,NoThing
,22/06/2026 9:43 (GMT+7),For%20those%20who%20ever%20need/Notes/Performance/Untitled%20b239-7bf2/image.png,Còn vùng hợp lưu FVG m6 từ giai đoạn đẩy giá trước nên đợt giảm này chưa phải là đợt giảm chính của thị trường,US100,81,Price Action,"CET 44, Sweep LTF",,Yes,Yes,GB Level,"Range HTF, Range MTF, Trending LTF",Market,1m,0,4.15,BE,Sell,Mon,June,A3 09:20 – 10:30,NoThing
,06/06/2026 1:02 (GMT+7),For%20those%20who%20ever%20need/Notes/Performance/Untitled%20d5e9-6e80/image.png,Nếu không dùng IPDA thì nên chốt theo điểm swing cho an toàn,US100,,Price Action,"GBT 00, OB LTF",,Yes,Yes,m1 swing,"Range LTF, Trending HTF, Trending MTF",Market,1m,4.78,4.78,Win,Sell,Fri,June,NY3 00:30 – 02:45,HIGH
,05/06/2026 22:04 (GMT+7),For%20those%20who%20ever%20need/Notes/Performance/Untitled%201029-9145/image.png,,US100,,Price Action,"BAG LTF, GBT/CET 03, OD LTF, Sweep LTF",9:50 - 10:10,Yes,Yes,GB Level,"Range LTF, Trending HTF, Trending MTF",Limit,1m,8.35,8.35,Win,Sell,Fri,June,NY1 20:00 – 22:15,HIGH
,05/06/2026 21:48 (GMT+7),For%20those%20who%20ever%20need/Notes/Performance/Untitled%209599-6993/image.png,Đợi GBT 00 thì mới kết thúc sideway,US100,,Price Action,OB LTF,,No,Yes,GB Level,"Range LTF, Trending HTF, Trending MTF",Market,1m,-1,0,Loss,Sell,Fri,June,NY1 20:00 – 22:15,HIGH
,05/06/2026 21:45 (GMT+7),For%20those%20who%20ever%20need/Notes/Performance/Untitled%2048c9-e4eb/image.png,"Chưa có sweep nên CET 44 phải đợi, chưa phải GBT chất lượng",US100,,Price Action,"BAG LTF, CET 44",,Yes,Yes,GB Level,"Range LTF, Trending HTF, Trending MTF",Market,1m,-1,1.41,Loss,Sell,Fri,June,NY1 20:00 – 22:15,HIGH
,05/06/2026 13:00 (GMT+7),For%20those%20who%20ever%20need/Notes/Performance/Untitled%20bc89-0ab4/image.png,,US100,,Price Action,"GBT 00, OB LTF, Sweep LTF",,Yes,Yes,"GB Level, m15 FVG","Countertrend HTF, Range LTF, Range MTF",Market,"1m, 5m",3.68,3.68,Win,Buy,Fri,June,A6 12:50 – 14:00,HIGH
,05/06/2026 12:59 (GMT+7),For%20those%20who%20ever%20need/Notes/Performance/Untitled%201129-5090/image.png,Tp lên vùng stop hunt vì còn ob của khu vực MB 729 mới là vùng trọng điểm,US100,,Price Action,"GBT 00, GBT 53, OB LTF, Sweep LTF",,Yes,Yes,GB Level,"Range HTF, Range LTF, Range MTF",Market,1m,3.68,3.68,Win,Buy,Fri,June,A6 12:50 – 14:00,HIGH
,04/06/2026 15:44 (GMT+7),For%20those%20who%20ever%20need/Notes/Performance/Untitled%20d589-5932/image.png,,US100,,Price Action,"BAG MTF, CET 44, FVG LTF",,Yes,Yes,GB Level,"Range HTF, Trending LTF, Trending MTF",Market,1m,6.69,6.69,Win,Sell,Thurs,June,"L1 14:00 -> 15:48, L2 15:48 – 17:36",NoThing
,04/06/2026 15:40 (GMT+7),For%20those%20who%20ever%20need/Notes/Performance/Untitled%201d99-1cf3/image.png,Nếu mà CET 35 không phá đỉnh được thì GBT 41 sẽ tiếp diễn xu hướng chính,US100,,Price Action,"CET 35, CISD LTF, OB LTF",,Yes,Yes,GB Level,"Countertrend LTF, Countertrend MTF, Range HTF",Market,1m,-1,0,Loss,Buy,Thurs,June,L1 14:00 -> 15:48,NoThing
,04/06/2026 10:14 (GMT+7),For%20those%20who%20ever%20need/Notes/Performance/Untitled%20d539-35e1/image.png,,US100,,Price Action,"BAG LTF, CET 14, GBT 7, OB LTF",,Yes,Yes,GB Level,"Range HTF, Range MTF, Trending LTF",Limit,1m,3.3,4.73,Win,Buy,Thurs,June,A3 09:20 – 10:30,NoThing
,04/06/2026 8:48 (GMT+7),For%20those%20who%20ever%20need/Notes/Performance/Untitled%202639-ba73/NQ1!_2026-06-04_19-05-50_3106d.png,,US100,,Price Action,"FVA LTF, FVG MTF, GBT 65",,Yes,Yes,GB Level,"Range HTF, Trending LTF, Trending MTF",Market,"15m, 1m",8.15,8.15,Win,Sell,Thurs,June,A2 08:10 – 09:20,NoThing
,25/05/2026 17:12 (GMT+7),For%20those%20who%20ever%20need/Notes/Performance/Untitled%20c749-31d0/NQ1!_2026-05-25_19-12-39_8e35d.png,,US100,,Price Action,GBT 11,,Yes,No,GB Level,"Range MTF, Trending HTF, Trending LTF",Market,1m,4,4,Win,Buy,Mon,May,L2 15:48 – 17:36,HOLIDAY
,25/05/2026 16:31 (GMT+7),For%20those%20who%20ever%20need/Notes/Performance/Untitled%202a89-360b/NQ1!_2026-05-25_19-16-04_f5aa7.png,Chưa có Goldbach Time,US100,,Price Action,,,Yes,No,,"Range LTF, Range MTF, Trending HTF",Market,1m,-1,1.65,Loss,Buy,Mon,May,L2 15:48 – 17:36,HOLIDAY
,23/05/2026 1:10 (GMT+7),For%20those%20who%20ever%20need/Notes/Performance/Untitled%20f769-e412/NQ1!_2026-05-23_09-11-55_7cf4c.png,,US100,,Price Action,"GBT, OB LTF",,Yes,No,m1 breaker,"Countertrend HTF, Range MTF, Trending LTF",Market,1m,5,13.97,Win,Sell,Fri,May,NY3 00:30 – 02:45,
,22/05/2026 21:48 (GMT+7),For%20those%20who%20ever%20need/Notes/Performance/Untitled%20e089-74bc/NQ1!_2026-05-23_09-15-39_4c060.png,,US100,,Price Action,"RJ LTF, SMT",9:50 - 10:10,No,No,m1 breaker,"Countertrend HTF, Countertrend LTF, Range MTF",Market,1m,-1,0,Loss,Sell,Fri,May,NY1 20:00 – 22:15,
,22/05/2026 20:30 (GMT+7),For%20those%20who%20ever%20need/Notes/Performance/Untitled%201539-b6f7/NQ1!_2026-05-23_01-09-33_85dcd.png,,US100,,Price Action,OB LTF,,Yes,Yes,GB Level,"Trending HTF, Trending LTF, Trending MTF",Market,1m,2,3.81,Win,Buy,Fri,May,NY1 20:00 – 22:15,
,22/05/2026 8:42 (GMT+7),For%20those%20who%20ever%20need/Notes/Performance/Untitled%20b839-eaff/NAS100_2026-05-23_09-10-14.png,lệnh này quên không limit ở mt5,US100,,PA + VP,"FVA LTF, Sweep MTF",,Yes,Yes,GB Level,"Range LTF, Trending HTF, Trending MTF",Limit,1m,4.19,14.97,Win,Buy,Fri,May,A2 08:10 – 09:20,
,22/05/2026 8:42 (GMT+7),For%20those%20who%20ever%20need/Notes/Performance/Untitled%201139-5406/NAS100_2026-05-23_09-07-15.png,,US100,,PA + VP,"FVA LTF, Sweep MTF",,Yes,Yes,GB Level,"Range LTF, Trending HTF, Trending MTF",Limit,1m,14.97,14.97,Win,Buy,Fri,May,A2 08:10 – 09:20,
,21/05/2026 23:23 (GMT+7),For%20those%20who%20ever%20need/Notes/Performance/Untitled%2058a9-d7eb/US100_2026-05-22_00-40-48.png,Đợi Market có cú stop hunt khi ở vùng goldbach không hình thành ngay được  điểm swing,US100,,Price Action,"OB LTF, Sweep LTF",,Yes,Yes,GB Level,"Range HTF, Range LTF, Range MTF",Market,"1m, 4h",-1,1.06,Loss,Buy,Thurs,May,NY2 22:15 – 00:30,
,19/05/2026 19:17 (GMT+7),For%20those%20who%20ever%20need/Notes/Performance/Untitled%20d6f9-bd66/XAUUSD_2026-05-19_19-37-35_cd133.png,Đợi giá hồi về iBreaker Block rồi chơi,XAU/USD,,Price Action,"BAG LTF, Major Flat Block, Over Bullish block, Sweep LTF",,No,Yes,m15 swing,"Range HTF, Range LTF, Range MTF",Market,1m,-1,0,Loss,Buy,Tues,May,L3  17:36 – 19:24,
,19/05/2026 18:44 (GMT+7),For%20those%20who%20ever%20need/Notes/Performance/Untitled%20b1f9-5789/XAUUSD_2026-05-19_19-32-23_4fe9f.png,Hold tới Over Bullish Block,XAU/USD,,Volume Profile,"Major Flat Block, Sweep LTF",,No,Yes,m1 OB,"Range HTF, Range LTF, Range MTF",Market,1m,7.01,7.01,Win,Sell,Tues,May,L3  17:36 – 19:24,
,19/05/2026 18:24 (GMT+7),For%20those%20who%20ever%20need/Notes/Performance/Untitled%208d29-4937/XAUUSD_2026-05-19_19-35-01_241d3.png,Bị spread quét mất sl,XAU/USD,,Volume Profile,Major Flat Block,,No,No,m1 OB,"Range HTF, Range LTF, Range MTF",Market,1m,-1,2.73,Loss,Sell,Tues,May,L3  17:36 – 19:24,
,19/05/2026 15:38 (GMT+7),For%20those%20who%20ever%20need/Notes/Performance/Untitled%209059-20dc/XAUUSD_2026-05-19_19-43-50_3d2ea.png,,XAU/USD,,Price Action,FVG LTF,4:03 - 4:30,No,No,m15 swing,"Range HTF, Range MTF, Trending LTF",Market,1m,-1,0,Loss,Sell,Tues,May,L1 14:00 -> 15:48,
,19/05/2026 15:19 (GMT+7),For%20those%20who%20ever%20need/Notes/Performance/Untitled%203689-55aa/XAUUSD_2026-05-19_19-40-29_a0885.png,Cài BE quá sớm,XAU/USD,,Price Action,"FVG LTF, Sweep LTF, iBreaker LTF",4:03 - 4:30,No,Yes,m15 swing,"Range HTF, Range MTF, Trending LTF",Market,"15m, 1m, 5m",0,5.79,BE,Sell,Tues,May,L1 14:00 -> 15:48,
,16/05/2026 0:35 (GMT+7),For%20those%20who%20ever%20need/Notes/Performance/Untitled%20d399-446b/GC1!_2026-05-16_10-52-44_b7b3c.png,Sai lầm là mua ngay tại OB đang chặn,XAU/USD,,Price Action,OB LTF,,No,Yes,m15 ob,"Countertrend MTF, Range HTF, Trending LTF",Market,"15m, 1m",-1,0,Loss,Buy,Fri,May,NY3 00:30 – 02:45,
,15/05/2026 19:22 (GMT+7),For%20those%20who%20ever%20need/Notes/Performance/Untitled%200479-1186/GC1!_2026-05-15_21-32-08_c8fe5.png,,XAU/USD,,PA + VP,Over Bullish block,8:20 - 8:40,No,Yes,Over Bullish Block,"Range HTF, Range LTF, Trending MTF",Market,1m,4.26,4.26,Win,Sell,Fri,May,L4 19:24 – 21:12,
,15/05/2026 13:43 (GMT+7),For%20those%20who%20ever%20need/Notes/Performance/Untitled%20fb69-b79e/NQ1!_2026-05-15_21-37-04_39457.png,,US100,,Price Action,"1st fvg, FVG LTF, IFVG MTF",2:33 - 3:00,No,Yes,"GB Level, sth","Range MTF, Trending HTF, Trending LTF",Market,1m,6.08,6.08,Win,Buy,Fri,May,L1 14:00 -> 15:48,
,14/05/2026 21:01 (GMT+7),For%20those%20who%20ever%20need/Notes/Performance/Untitled%2080b9-5356/NQ1!_2026-05-15_21-52-17_dd6eb.png,,US100,,Price Action,FVA MTF,9:50 - 10:10,Yes,Yes,GB Level,"Trending HTF, Trending LTF, Trending MTF",Market,1m,3.08,3.08,Win,Buy,Thurs,May,NY1 20:00 – 22:15,
,14/05/2026 20:14 (GMT+7),For%20those%20who%20ever%20need/Notes/Performance/Untitled%208bc9-51a3/GC1!_2026-05-15_22-09-09_4abf9.png,,XAU/USD,,Price Action,OB LTF,,No,Yes,Over Bullish Block,"Range HTF, Range LTF, Range MTF",Market,1m,2.12,2.12,Win,Sell,Thurs,May,NY1 20:00 – 22:15,
,14/05/2026 19:47 (GMT+7),"For%20those%20who%20ever%20need/Notes/Performance/Untitled%20d229-9c8b/GC1!_2026-05-15_22-05-48_70f8e.png, For%20those%20who%20ever%20need/Notes/Performance/Untitled%20d229-9c8b/GC1!_2026-05-15_22-07-49_c818f.png",,XAU/USD,,Volume Profile,FVA LTF,,No,Yes,POC,"Range HTF, Range LTF, Range MTF",Market,1m,3.35,3.35,Win,Buy,Thurs,May,L4 19:24 – 21:12,
,14/05/2026 19:43 (GMT+7),For%20those%20who%20ever%20need/Notes/Performance/Untitled%20b129-6f04/GC1!_2026-05-15_22-13-54_c1e7c.png,,XAU/USD,,Price Action,OB LTF,,No,No,GB Level,"Range HTF, Range LTF, Range MTF",Market,1m,-1,0,Loss,Buy,Thurs,May,L4 19:24 – 21:12,
,14/05/2026 19:39 (GMT+7),For%20those%20who%20ever%20need/Notes/Performance/Untitled%2097d9-b8cc/GC1!_2026-05-15_22-11-58_af34e.png,,XAU/USD,,PA + VP,FVA LTF,,No,No,GB Level,"Trending HTF, Trending LTF, Trending MTF",Market,1m,-1,0,Loss,Buy,Thurs,May,L4 19:24 – 21:12,
,14/05/2026 19:17 (GMT+7),For%20those%20who%20ever%20need/Notes/Performance/Untitled%20ce79-2122/GC1!_2026-05-15_22-22-55_d30dd.png,,XAU/USD,,PA + VP,"BAG LTF, OB LTF",,No,No,Over Bullish Block,"Range HTF, Range LTF, Trending MTF",Market,1m,-3,0.2,Loss,Sell,Thurs,May,L4 19:24 – 21:12,
,14/05/2026 12:24 (GMT+7),For%20those%20who%20ever%20need/Notes/Performance/Untitled%205829-0bc7/NQ1!_2026-05-14_18-15-15_91e78.png,"Giá nếu rút râu ở STH thì nên chốt 1 phần, đó là dấu hiệu của QTk",US100,,PA + VP,"MB MTF, VAH",,Yes,Yes,h1 swing,"Countertrend MTF, Range LTF, Trending HTF",Market,1m,0,2.5,BE,Buy,Thurs,May,A6 12:50 – 14:00,
,13/05/2026 20:00 (GMT+7),For%20those%20who%20ever%20need/Notes/Performance/Untitled%207759-0b0b/NQ1!_2026-05-15_21-59-28_7107e.png,,US100,,Price Action,FVA MTF,,Yes,Yes,GB Level,"Countertrend MTF, Range LTF, Trending HTF, Trending MTF",Market,"15m, 1h, 1m, 4h",9.08,9.08,Win,Buy,Wed,May,NY1 20:00 – 22:15,
,13/05/2026 19:51 (GMT+7),"For%20those%20who%20ever%20need/Notes/Performance/Untitled%20d059-365b/NQ1!_2026-05-14_18-09-41_9ff86.png, For%20those%20who%20ever%20need/Notes/Performance/Untitled%20d059-365b/NQ1!_2026-05-14_18-12-51_38b6c.png",PDA có Volume lớn thì cắt,US100,,Volume Profile,Phá cản LTF,8:50 - 9:10,Yes,No,"Over Bearish Block, SDTV","Countertrend LTF, Countertrend MTF, Trending HTF",Market,1m,-1,1.61,Loss,Buy,Wed,May,L4 19:24 – 21:12,
,13/05/2026 7:41 (GMT+7),For%20those%20who%20ever%20need/Notes/Performance/Untitled%206c69-887c/NQ1!_2026-05-14_17-50-43_2be12.png,nên chốt 1/2 ở PDA cũ hoặc 2R rồi dời BE,US100,,Price Action,"BAG LTF, IFVG MTF, Sweep HTF, Sweep MTF",,Yes,Yes,"GB Level, HH/LL","Range MTF, Trending HTF, Trending LTF",Market,"15m, 1m, 4h",0,9.2,BE,Buy,Wed,May,A1 7h-8h10,
,12/05/2026 21:45 (GMT+7),For%20those%20who%20ever%20need/Notes/Performance/Untitled%200bd9-6be3/NQ1!_2026-05-13_20-21-56_899e0.png,,US100,,Price Action,"BAG LTF, FVA LTF, Sliver Bullet",,Yes,Yes,H1 OB,"Countertrend HTF, Trending LTF, Trending MTF",Market,"1h, 1m",4.38,4.38,Win,Sell,Tues,May,NY1 20:00 – 22:15,
,11/05/2026 6:57 (GMT+7),For%20those%20who%20ever%20need/Notes/Performance/Untitled%20df79-c8bb/TradingView_Screenshot_1778464142454.jpg,,US100,,Price Action,"FVG MTF, Sweep LTF, Tôn trọng ITL",4:03 - 4:30,Yes,No,M1 volume over,"Range LTF, Range MTF, Trending HTF",Market,1m,3.02,3.02,Win,Buy,Mon,May,Pre Asian,
,08/05/2026 22:19 (GMT+7),For%20those%20who%20ever%20need/Notes/Performance/Untitled%200279-8832/USTEC_2026-05-09_08-59-47_676c6.png,"ES đã đạt mục tiêu, entry clean",US100,,Price Action,"SMT, Sweep LTF",,Yes,Yes,"GB Level, HH/LL","Trending HTF, Trending LTF, Trending MTF",Market,1m,4.57,4.57,Win,Buy,Fri,May,NY2 22:15 – 00:30,
,08/05/2026 21:42 (GMT+7),For%20those%20who%20ever%20need/Notes/Performance/Untitled%206e39-46b7/USTEC_2026-05-09_08-54-32_da042.png,,US100,,Price Action,"BAG LTF, OB LTF, Sweep LTF",,No,No,"GB Level, HH/LL","Range LTF, Trending HTF, Trending MTF",Market,1m,2.52,2.52,Win,Buy,Fri,May,NY1 20:00 – 22:15,
,08/05/2026 21:13 (GMT+7),For%20those%20who%20ever%20need/Notes/Performance/Untitled%207459-2af4/USTEC_2026-05-09_08-51-22_bcb65.png,,US100,,Price Action,FVG LTF,,Yes,Yes,"GB Level, HH/LL","Trending HTF, Trending LTF, Trending MTF",Limit,1m,2.13,2.13,Win,Buy,Fri,May,NY1 20:00 – 22:15,
,08/05/2026 15:48 (GMT+7),For%20those%20who%20ever%20need/Notes/Performance/Untitled%2005b9-8268/USTEC_2026-05-08_17-41-16_7abb6.png,Entry ở OB vừa được tạo ra ở FVG để tối ưu entry,US100,,Price Action,"FVG MTF, SMT, Sweep LTF",,Yes,Yes,m15 swing,"Range LTF, Trending HTF, Trending MTF",Market,"15m, 1m",2.32,2.32,Win,Buy,Fri,May,L2 15:48 – 17:36,
,08/05/2026 14:29 (GMT+7),For%20those%20who%20ever%20need/Notes/Performance/Untitled%201849-2cbd/USTEC_2026-05-08_17-38-43_675d0.png,nên đợi xác nhận bằng ở OB ở đoạn tôn trọng ITL,US100,,Price Action,"PB MTF, Sweep MTF, Tôn trọng ITL",,Yes,Yes,m15 swing,"Range LTF, Trending HTF, Trending MTF",Market,"15m, 1m",4.42,4.42,Win,Buy,Fri,May,L1 14:00 -> 15:48,
,08/05/2026 13:41 (GMT+7),For%20those%20who%20ever%20need/Notes/Performance/Untitled%20d3a9-b8a7/USTEC_2026-05-08_17-45-57_befe3.png,"Khi có bất cứ PDA nào thì đợi cứ sweep để vào lệnh là quan trọng nhất, nên dù có PB là kháng cự rồi nhưng vẫn phải để sweep ở LTF",US100,,Price Action,PB MTF,,Yes,Yes,m15 ob,"Range LTF, Trending HTF, Trending MTF",Market,"15m, 1m",-1,0.32,Loss,Buy,Fri,May,L1 14:00 -> 15:48,
,08/05/2026 9:48 (GMT+7),For%20those%20who%20ever%20need/Notes/Performance/Untitled%20f2d9-5cf0/TradingView_Screenshot_1778212890794.jpg,,US100,,PA + VWAP + VP,"OB LTF, OB MTF, SMT",,Yes,Yes,h1 swing,"Countertrend HTF, Range LTF, Range MTF",Limit,"15m, 1h, 1m",0.6,1.25,Win,Sell,Fri,May,A3 09:20 – 10:30,
,08/05/2026 7:21 (GMT+7),For%20those%20who%20ever%20need/Notes/Performance/Untitled%20cd39-a753/TradingView_Screenshot_1778202866345.jpg,,US100,,Price Action,"FVG LTF, IFVG MTF",,Yes,Yes,m15 swing,"Range MTF, Trending HTF, Trending LTF",Market,"15m, 1m, m2",2.78,2.78,Win,Buy,Fri,May,A1 7h-8h10,
,08/05/2026 7:00 (GMT+7),For%20those%20who%20ever%20need/Notes/Performance/Untitled%206869-6eca/TradingView_Screenshot_1778199944507.jpg,,US100,,Price Action,"FVG MTF, Sweep MTF",,No,Yes,m15 swing,"Countertrend HTF, Countertrend LTF, Range MTF",Limit,"15m, 1m",-1,0,Loss,Sell,Fri,May,A1 7h-8h10,
,07/05/2026 20:52 (GMT+7),For%20those%20who%20ever%20need/Notes/Performance/Untitled%2019e9-b233/USTEC_2026-05-07_21-13-42_03afc.png,,US100,,Price Action,"IFVG LTF, Sweep LTF, iBreaker LTF",,Yes,Yes,h1 swing,"Range LTF, Range MTF, Trending HTF",Market,1m,2,2,Win,Buy,Thurs,May,"L4 19:24 – 21:12, NY1 20:00 – 22:15",
,07/05/2026 20:00 (GMT+7),For%20those%20who%20ever%20need/Notes/Performance/Untitled%204cb9-221a/USTEC_2026-05-09_09-01-19_61ab4.png,GB đang chuyển qua range khác nên cần đợi quét tk ở ob gần nhất,US100,,Price Action,"OB LTF, SMT",,No,Yes,"GB Level, HH/LL","Trending HTF, Trending LTF, Trending MTF",Market,1m,-1,0,Loss,Buy,Fri,May,NY2 22:15 – 00:30,
,07/05/2026 20:00 (GMT+7),For%20those%20who%20ever%20need/Notes/Performance/Untitled%20eb69-c7e4/NQ1!_2026-05-10_17-14-40_484f8.png,,US100,,Price Action,"FVA LTF, Sweep LTF, Sweep MTF",,No,Yes,h1 swing,"Range HTF, Range LTF, Trending MTF",Market,1m,4.94,4.94,Win,Buy,Mon,Jan,NY2 22:15 – 00:30,
,07/05/2026 20:00 (GMT+7),For%20those%20who%20ever%20need/Notes/Performance/Untitled%204519-bfc9/NQ1!_2026-05-15_21-41-04_70f03.png,,US100,,Price Action,"BPR LTF, OB LTF, Sweep LTF",,No,No,m15 ob,"Countertrend MTF, Range LTF, Trending HTF",Market,1m,-1,0,Loss,Buy,Fri,May,A4 10:30 – 11:40,
,07/05/2026 20:00 (GMT+7),For%20those%20who%20ever%20need/Notes/Performance/Untitled%20fd49-e821/NQ1!_2026-05-15_21-45-26_108b0.png,,US100,,Volume Profile,"FVA LTF, IFVG LTF, Sweep LTF, VAH",,No,Yes,"Over Bearish Block, SDTV","Range MTF, Trending HTF, Trending LTF",Market,1m,4.46,4.46,Win,Buy,Fri,May,NY2 22:15 – 00:30,
,07/05/2026 20:00 (GMT+7),For%20those%20who%20ever%20need/Notes/Performance/Untitled%20ab29-16d9/NQ1!_2026-05-15_21-56-36_03c3a.png,,US100,,Price Action,Tôn trọng ITL,9:50 - 10:10,Yes,Yes,GB Level,"Trending HTF, Trending LTF, Trending MTF",Market,1m,5.82,5.82,Win,Buy,Thurs,May,NY1 20:00 – 22:15,
,07/05/2026 19:30 (GMT+7),For%20those%20who%20ever%20need/Notes/Performance/Untitled%204059-0fc9/USTEC_2026-05-07_21-11-46_b8087.png,,US100,,Price Action,"BAG LTF, OB LTF",,Yes,Yes,m5 fvg,"Range MTF, Trending HTF, Trending LTF",Market,"1m, 5m",2,2,Win,Buy,Thurs,May,L3  17:36 – 19:24,
,07/05/2026 18:24 (GMT+7),For%20those%20who%20ever%20need/Notes/Performance/Untitled%20c669-ccaa/USTEC_2026-05-07_19-30-50_52dc9.png,,US100,,Price Action,"FVG LTF, Sweep LTF",,No,Yes,"m1 swing, m15 swing","Countertrend HTF, Trending LTF, Trending MTF",Limit,1m,-1,2,Loss,Sell,Thurs,May,L3  17:36 – 19:24,
,07/05/2026 18:14 (GMT+7),For%20those%20who%20ever%20need/Notes/Performance/Untitled%205089-9dd7/USTEC_2026-05-07_19-25-14_7a631.png,"Entry vội, nên đợi về FVG để entry",US100,,Price Action,Implied FVG LTF,,No,Yes,m15 swing,"Countertrend HTF, Trending LTF, Trending MTF",Market,1m,-1,0.8,Loss,Sell,Thurs,May,L3  17:36 – 19:24,
,07/05/2026 17:45 (GMT+7),"For%20those%20who%20ever%20need/Notes/Performance/Untitled%20bdb9-c395/USTEC_2026-05-07_19-21-48_e7988.png, For%20those%20who%20ever%20need/Notes/Performance/Untitled%20bdb9-c395/USTEC_2026-05-07_19-21-27_9583d.png","Tốt nhất hãy đợi 1 cú sweep rồi hẳn entry, theo dòng flow thì vào ở flow thứ 2 là an toàn, còn từ 2 trở lên thì bắt buộc đờij sweep",US100,,Price Action,"IFVG MTF, OB LTF",,No,Yes,h1 swing,"Countertrend MTF, Trending HTF, Trending LTF",Market,"15m, 1m",-1,0.44,Loss,Buy,Thurs,May,L3  17:36 – 19:24,
,07/05/2026,For%20those%20who%20ever%20need/Notes/Performance/Untitled%203909-f015/USTEC_2026-05-07_19-15-29_6a972.png,,US100,,Price Action,"FVA MTF, PB MTF",4:03 - 4:30,No,Yes,h1 swing,"Range MTF, Trending HTF, Trending LTF",Market,"15m, 1m",2.08,2.08,Win,Buy,Thurs,May,L1 14:00 -> 15:48,
,07/05/2026,For%20those%20who%20ever%20need/Notes/Performance/Untitled%20b3a9-f592/TradingView_Screenshot_1778119101611.jpg,,US100,,Price Action,"IFVG LTF, OB LTF",4:03 - 4:30,No,Yes,m1 swing,"Countertrend MTF, Pre Asian, Range LTF, Trending HTF",Market,1m,1.36,1.36,Win,Buy,Thurs,May,Pre Asian,
,07/05/2026,For%20those%20who%20ever%20need/Notes/Performance/Untitled%206d79-2425/TradingView_Screenshot_1778119343028.jpg,,US100,,Price Action,"OB MTF, Sweep LTF",,No,Yes,m15 swing,"Countertrend LTF, Countertrend MTF, Trending HTF",Limit,"15m, 1m",2.01,2.01,Win,Buy,Thurs,May,A1 7h-8h10,
,07/05/2026,For%20those%20who%20ever%20need/Notes/Performance/Untitled%20a4c9-0d7d/TradingView_Screenshot_1778126315522.jpg,,US100,,Price Action,"IFVG MTF, MSS LTF",,No,Yes,m15 ob,"Countertrend HTF, Range MTF, Trending LTF",Limit,"15m, 1m",-1,0,Loss,Sell,Thurs,May,A1 7h-8h10,
,07/05/2026,For%20those%20who%20ever%20need/Notes/Performance/Untitled%20cad9-405e/TradingView_Screenshot_1778127266199.jpg,"Vẫn còn PB LTF làm kháng cự chính nên vẫn phải hold, kèo này dời BE quá sớm",US100,,Price Action,"FVA LTF, PB LTF",,No,Yes,"BPR m15, BPR m30, H1 OB","Range MTF, Trending HTF, Trending LTF",Market,1m,1.2,9.13,Win,Buy,Wed,May,NY2 22:15 – 00:30,
,07/05/2026,For%20those%20who%20ever%20need/Notes/Performance/Untitled%20d7b9-12d7/TradingView_Screenshot_1778127579364.jpg,"Đã có sự tôn trọng với ITL, mục tiêu là ITH",US100,,Price Action,OB LTF,2:33 - 3:00,No,Yes,m15 swing,"Countertrend HTF, Range LTF, Range MTF",Market,1m,-1,0,Loss,Sell,Wed,May,NY2 22:15 – 00:30,
,07/05/2026,For%20those%20who%20ever%20need/Notes/Performance/Untitled%20c209-4f70/USTEC_2026-05-07_19-12-09_c7802.png,Momentum yếu nên để ý ở đoạn OB đang thuận xu hướng,US100,,Price Action,"IFVG LTF, Tôn trọng ITH",,No,No,m1 swing,"Countertrend HTF, Countertrend MTF, Range LTF",Market,1m,-1,2,Loss,Sell,Tues,May,NY1 20:00 – 22:15,
,06/05/2026,For%20those%20who%20ever%20need/Notes/Performance/Untitled%2019f9-0074/NQ1!_2026-05-06_19-18-24_9de75.png,,US100,,Price Action,"CISD LTF, OB LTF",,No,Yes,ORG,"Countertrend HTF, Countertrend MTF, Range LTF",Market,1m,10,12.56,Win,Sell,Wed,May,A1 7h-8h10,
,05/05/2026 19:04 (GMT+7),For%20those%20who%20ever%20need/Notes/Performance/Untitled%20afe9-a78b/USTEC_2026-05-07_19-52-01_b6663.png,"Chú ý những đoạn Implied FVG, nó là tiền đề của Fake Order Flow",US100,,Price Action,"BAG LTF, FVA LTF",,No,No,m15 swing,"Countertrend HTF, Range LTF, Range MTF",Market,1m,-1,0,Loss,Sell,Tues,May,L3  17:36 – 19:24,
,05/05/2026 18:26 (GMT+7),For%20those%20who%20ever%20need/Notes/Performance/Untitled%2045a9-f930/USTEC_2026-05-07_19-35-30_77daf.png,"không nên dời SL dương, chỉ nên dời BE",US100,,Price Action,"FVG LTF, Sweep LTF, iBreaker MTF",,No,Yes,m15 swing,"Range LTF, Range MTF, Trending HTF",Market,1m,2.05,2.05,Win,Buy,Tues,May,L3  17:36 – 19:24,
,05/05/2026 18:20 (GMT+7),For%20those%20who%20ever%20need/Notes/Performance/Untitled%200bf9-8aae/USTEC_2026-05-07_19-45-36_a54f2.png,Sell ngay đoạn iBreaker Block,US100,,Price Action,BAG LTF,,No,No,m15 swing,"Countertrend HTF, Range MTF, Trending LTF",Market,1m,-1,0,Loss,Sell,Tues,May,L3  17:36 – 19:24,
,05/05/2026 16:21 (GMT+7),For%20those%20who%20ever%20need/Notes/Performance/Untitled%201f59-181c/USTEC_2026-05-07_19-38-33_a3da9.png,Đặt SL dưới ITL,US100,,Price Action,"OB LTF, Sweep LTF",,No,Yes,m1 OB,"Range MTF, Trending HTF, Trending MTF",Market,1m,2.09,2.09,Win,Buy,Tues,May,L3  17:36 – 19:24,
,05/05/2026 16:10 (GMT+7),For%20those%20who%20ever%20need/Notes/Performance/Untitled%20a249-e155/USTEC_2026-05-07_19-44-02_963dc.png,"Đặt SL sai, trong range điều quan trọng nhất là qtk và Ob của đoạn quét",US100,,Price Action,"OB LTF, Sweep LTF",,No,Yes,"HH/LL, h1 swing","Range LTF, Range MTF, Trending HTF",Market,1m,-1,0.69,Loss,Buy,Tues,May,L2 15:48 – 17:36,
,04/05/2026 22:05 (GMT+7),For%20those%20who%20ever%20need/Notes/Performance/Untitled%205ac9-5904/USTEC_2026-05-07_19-58-49_c3e4b.png,,US100,,PA + VP,"BPR LTF, Sweep LTF, Sweep MTF",,Yes,Yes,m1 swing,"Countertrend HTF, Countertrend LTF, Range MTF",Limit,1m,4.05,4.05,Win,Sell,Mon,May,"L5 21:12 – 23:00, NY1 20:00 – 22:15",
,04/05/2026 21:30 (GMT+7),For%20those%20who%20ever%20need/Notes/Performance/Untitled%20cf19-d395/USTEC_2026-05-07_19-58-49_c3e4b.png,Với những Ob khung nhỏ ko hợp lưu thì nên đánh tỷ lệ RR = 2 vì có xác xuất đảo chiều hoặt qtk cao,US100,,Price Action,OB LTF,,Yes,Yes,"GB Level, HH/LL","Range MTF, Trending HTF, Trending LTF",Market,"15m, 1m",0.49,3.47,Win,Buy,Mon,May,"L4 19:24 – 21:12, NY1 20:00 – 22:15",
,01/05/2026,For%20those%20who%20ever%20need/Notes/Performance/Untitled%207f69-22c1/NQ1!_2026-05-01_16-06-15_04f97.png,,US100,,Price Action,"Sliver Bullet, Tôn trọng ITH",,No,No,m1 swing,"Countertrend HTF, Trending LTF, Trending MTF",Market,1m,1.44,1.44,Win,Sell,Fri,May,L2 15:48 – 17:36,
,01/05/2026,For%20those%20who%20ever%20need/Notes/Performance/Untitled%20d229-6f6a/USTEC_2026-05-02_17-57-33_1f892.png,Đối với nq thì GB phải là 243,US100,,Price Action,OB LTF,4:03 - 4:30,Yes,Yes,"Death Mark, GB Level","Countertrend HTF, Countertrend MTF, Trending LTF",Market,1m,-1,3.2,Loss,Sell,Fri,May,NY1 20:00 – 22:15,
,01/05/2026,For%20those%20who%20ever%20need/Notes/Performance/Untitled%20e679-11b4/USTEC_2026-05-02_17-59-07_f889c.png,Phải đợi phá qua vùng OB của GB,US100,,Price Action,PB LTF,4:03 - 4:30,Yes,Yes,HH/LL,"Countertrend HTF, Countertrend MTF, Range LTF",Market,1m,-1,0.3,Loss,Buy,Fri,May,NY1 20:00 – 22:15,
,01/05/2026,For%20those%20who%20ever%20need/Notes/Performance/Untitled%207529-5d31/USTEC_2026-05-02_18-10-52_5bbcc.png,đã tôn trọng ITL nên phải đợi xem có tôn trọng ITH để entry hay không. Cần phải thấy IFVG,US100,,Price Action,"OB LTF, Sweep LTF",,Yes,Yes,m15 ob,"Countertrend HTF, Range LTF, Range MTF",Limit,1m,-1,0,Loss,Sell,Fri,May,NY1 20:00 – 22:15,
,01/05/2026,For%20those%20who%20ever%20need/Notes/Performance/Untitled%204709-1f1f/USTEC_2026-05-02_18-13-12_7fd57.png,Sai lầm lớn nhất là không tôn trọng GB khi fvg tôn trọng rất rõ,US100,,Price Action,,,No,Yes,HH/LL,"Range LTF, Range MTF",Market,"15m, 1m, 5m",-2,2.61,Loss,Buy,Fri,May,L2 15:48 – 17:36,
,30/04/2026,For%20those%20who%20ever%20need/Notes/Performance/Untitled%201f79-51b3/USTEC_2026-04-30_16-27-56_0fb44.png,,US100,,Price Action,"BAG LTF, BAG MTF",,No,No,Death Mark,"Range HTF, Trending LTF, Trending MTF",Market,"15m, 1m",3.47,3.47,Win,Sell,Thurs,April,A4 10:30 – 11:40,
,29/04/2026,For%20those%20who%20ever%20need/Notes/Performance/Untitled%20bd89-2210/USTEC_2026-04-30_16-31-57_41980.png,Đây vốn là PO3 nên hãy tự tin mà TP lên đỉnh gần nhất sau khi đã qtk,US100,,Price Action,FVG MTF,,No,No,m1 VI,"Countertrend LTF, Market Open, Range MTF, Trending HTF",Market,"1h, 1m",2.84,2.84,Win,Buy,Wed,April,NY1 20:00 – 22:15,
,29/04/2026,For%20those%20who%20ever%20need/Notes/Performance/Untitled%2021e9-44b4/USTEC_2026-04-30_16-34-49_78ad0.png,Đoạn này đã xuất hiện Po3 nên nếu có counter thì hãy tp vừa phải thôi,US100,,Price Action,BPR LTF,4:03 - 4:30,No,No,Death Mark,"Countertrend HTF, Range LTF, Range MTF",Limit,1m,-0.4,3.31,Loss,Sell,Wed,April,NY1 20:00 – 22:15,
,28/04/2026,For%20those%20who%20ever%20need/Notes/Performance/Untitled%20f889-6693/XAUUSD_2026-04-28_19-33-30_1bca5.png,Đặt TP tốt nhất là để 50% của GB Levels,XAU/USD,,Price Action,"CISD LTF, Sweep LTF",,No,No,m1 swing,"Premarket, Trending HTF, Trending LTF, Trending MTF",Market,1m,3.36,3.36,Win,Sell,Tues,April,L3  17:36 – 19:24,
,28/04/2026,For%20those%20who%20ever%20need/Notes/Performance/Untitled%2037f9-a022/XAUUSD_2026-04-28_19-38-56_c3095.png,để giá trên ITL tránh bị quét,XAU/USD,,Price Action,"CISD LTF, Sweep LTF",,No,No,m1 swing,"Premarket, Range MTF, Trending HTF, Trending MTF",Market,1m,-1,0.73,Loss,Sell,Tues,April,L3  17:36 – 19:24,
,28/04/2026,For%20those%20who%20ever%20need/Notes/Performance/Untitled%20d4a9-79e9/ES1!_2026-04-28_19-40-31_96a8e.png,Liquidity dưới còn nhiều thì có thể đặt tp để lấy hết thanh khoản,US500,,Price Action,IFVG MTF,,No,No,h1 swing,"Countertrend HTF, Countertrend MTF, Trending LTF",Market,1h,3.26,3.26,Win,Sell,Tues,April,A2 08:10 – 09:20,
,28/04/2026,For%20those%20who%20ever%20need/Notes/Performance/Untitled%2097c9-d372/TradingView_Screenshot_1777423003970.jpg,,US100,,Price Action,"FVG MTF, SMT, Sweep LTF",4:03 - 4:30,No,No,h1 swing,"Countertrend HTF, Countertrend LTF, Trending MTF",Market,"1h, 1m",3.58,3.58,Win,Sell,Tues,April,NY1 20:00 – 22:15,
,24/04/2026,For%20those%20who%20ever%20need/Notes/Performance/Untitled%209c99-c07a/USTEC_2026-04-24_23-37-23_81cc3.png,cũng là fake gap,US100,,Price Action,"BAG LTF, Quét DM LTF",,No,No,m15 swing,"Countertrend LTF, Range MTF, Trending HTF",Market,1m,-1,4.49,Loss,Buy,Fri,April,L1 14:00 -> 15:48,
,24/04/2026,For%20those%20who%20ever%20need/Notes/Performance/Untitled%2022f9-598e/USTEC_2026-04-24_23-35-34_6c901.png,"đó là BAG, fake gap",US100,,Price Action,BAG LTF,,No,No,m15 swing,"Range LTF, Range MTF, Trending HTF",Market,1m,-1,0,Loss,Buy,Fri,April,L1 14:00 -> 15:48,
,24/04/2026,For%20those%20who%20ever%20need/Notes/Performance/Untitled%20dc59-3ce2/USTEC_2026-04-24_23-31-18_cf681.png,"vội, đợi giá về OB quan trọng rồi entry",US100,,Price Action,"BPR LTF, OB LTF",,No,No,m15 swing,"Range MTF, Trending HTF, Trending LTF",Market,1m,-1,0.6,Loss,Buy,Fri,April,L1 14:00 -> 15:48,
,24/04/2026,For%20those%20who%20ever%20need/Notes/Performance/Untitled%204489-75f9/USTEC_2026-04-24_23-26-06_afdfb.png,xác định sai bias,US100,,Price Action,Sweep LTF,,No,No,CE ORG,"Countertrend HTF, Range LTF, Range MTF",Market,1m,1.6,4.41,Win,Sell,Fri,April,NY1 20:00 – 22:15,
,24/04/2026,For%20those%20who%20ever%20need/Notes/Performance/Untitled%20a759-2200/USTEC_2026-04-24_23-23-29_3243f.png,lệnh này đánh bạc,US100,,Price Action,,,No,No,CE ORG,"Countertrend HTF, Countertrend LTF, Range MTF",Market,1m,-0.9,0,Loss,Sell,Fri,April,NY1 20:00 – 22:15,
,24/04/2026,For%20those%20who%20ever%20need/Notes/Performance/Untitled%203419-25d4/USTEC_2026-04-24_23-18-02_b945a.png,,US100,,Price Action,BAG MTF,,No,No,m15 swing,"Range MTF, Trending HTF, Trending LTF",Market,1m,6.6,6.6,Win,Buy,Fri,April,NY2 22:15 – 00:30,
,24/04/2026,For%20those%20who%20ever%20need/Notes/Performance/Untitled%20b689-dec2/USTEC_2026-04-24_23-29-06_4afd3.png,"sai bias, premarket",US100,,Price Action,"BAG LTF, OB LTF",,No,No,CE ORG,"Countertrend HTF, Premarket, Range MTF, Trending LTF",Market,"15m, 1m, 4h",0,2.34,BE,Sell,Fri,April,NY1 20:00 – 22:15,
,23/04/2026,For%20those%20who%20ever%20need/Notes/Performance/Untitled%208ca9-1342/NQ1!_2026-04-23_22-29-51_2ef23.png,,US100,,Price Action,"CISD LTF, FVG LTF",,No,No,m15 swing,"Range LTF, Range MTF, Trending HTF",Market,"15m, 1m",2.09,2.09,Win,Buy,Thurs,April,NY1 20:00 – 22:15,
,23/04/2026,For%20those%20who%20ever%20need/Notes/Performance/Untitled%20edf9-c609/NQ1!_2026-04-23_22-32-34_5aa05.png,pre market + momentum yếu thì ko nên trade ngay,US100,,Price Action,OB LTF,,No,No,m15 swing,"Countertrend LTF, Range MTF, Trending HTF",Market,1m,-1,1.38,Loss,Buy,Thurs,April,NY1 20:00 – 22:15,
,23/04/2026,For%20those%20who%20ever%20need/Notes/Performance/Untitled%206209-4004/ES1!_2026-04-23_22-33-27_ac6fa.png,Chưa sweep high quan trọng thì tức market vẫn chưa đạt được mục tiêu,US500,,Price Action,"FVG LTF, Sweep LTF",,No,No,h4 swing,"Countertrend HTF, Range LTF, Range MTF",Market,1m,-1,1.06,Loss,Sell,Thurs,April,NY1 20:00 – 22:15,
,23/04/2026,For%20those%20who%20ever%20need/Notes/Performance/Untitled%20bf19-df5a/XAUUSD_2026-04-23_22-35-46_7df45.png,Kiên nhẫn hơn,XAU/USD,,Price Action,OB LTF,,No,No,h1 swing,"Countertrend HTF, Range MTF, Trending LTF",Market,"15m, 1m",-1,1.83,Loss,Buy,Thurs,April,NY1 20:00 – 22:15,
,22/04/2026,For%20those%20who%20ever%20need/Notes/Performance/Untitled%20d4f9-c76d/USTEC_2026-04-22_19-04-30_9042d.png,khi đoạn thanh khoản quan trọng nhất chưa bị lấy trong khi ở dưới đã hoàn thành thì nó sẽ lên đoạn quan trọng nhất,US100,,Price Action,"1st fvg, CISD LTF",,No,No,m15 ob,"Countertrend LTF, Range MTF, Trending MTF",Market,"15m, 1m",4.59,4.59,Win,Buy,Wed,April,L2 15:48 – 17:36,
,22/04/2026,For%20those%20who%20ever%20need/Notes/Performance/Untitled%20d5c9-d1cc/NQ1!_2026-04-22_20-54-06_9883c.png,Đợi quét hẳn ở Market Open r entry,US100,,Price Action,"Market Open, OB LTF",,No,No,"h4 fvg, m1 swing","Range LTF, Range MTF, Trending HTF",Market,1m,-0.86,-0.86,Loss,Buy,Wed,April,NY1 20:00 – 22:15,
,22/04/2026,For%20those%20who%20ever%20need/Notes/Performance/Untitled%208f79-da52/NQ1!_2026-04-22_20-56-05_4d1f2.png,,US100,,Price Action,"SMT, Sweep LTF",,No,No,m1 swing,"Range LTF, Range MTF, Trending HTF",Market,1m,0.33,4.54,Win,Buy,Wed,April,NY1 20:00 – 22:15,
,22/04/2026,For%20those%20who%20ever%20need/Notes/Performance/Untitled%2011f9-dc40/USTEC_2026-04-23_22-41-47_d65df.png,"Đặt TP ở vùng High của GB, đừng đặt ở Exit",US100,,Price Action,FVG MTF,,No,No,GB Level,"Range LTF, Trending HTF, Trending MTF",Market,"15m, 1m",0.5,4.28,Win,Buy,Wed,April,NY2 22:15 – 00:30,
,21/04/2026,For%20those%20who%20ever%20need/Notes/Performance/Untitled%20cdc9-b47d/USTEC_2026-04-22_19-18-19_1be8c.png,Thanh khoản dưới còn nhiều nên vào,US100,,Price Action,Market Open,,No,No,HH/LL,"Countertrend HTF, Range MTF, Trending LTF",Market,1m,2.01,2.01,Win,Sell,Tues,April,NY1 20:00 – 22:15,
,21/04/2026,For%20those%20who%20ever%20need/Notes/Performance/Untitled%20b8b9-6e16/US500_2026-04-22_19-01-51_e01a3.png,khi build đoạn thanh khoản ko rõ ràng và smt trên đỉnh thì nên sell thẳng tới đoạn thanh khoản quan trọng nhất,US500,,Price Action,"BB LTF, FVG LTF, SMT",,No,No,m5 ob,"Countertrend HTF, Range LTF, Range MTF",Market,"15m, 1m, 5m",6.28,6.28,Win,Sell,Tues,April,NY1 20:00 – 22:15,
,21/04/2026,For%20those%20who%20ever%20need/Notes/Performance/Untitled%204279-02e9/USTEC_2026-04-22_19-07-23_2feff.png,khi build đoạn thanh khoản ko rõ ràng và smt trên đỉnh thì nên sell thẳng tới đoạn thanh khoản quan trọng nhất,US100,,Price Action,"CISD LTF, FVG LTF, Quét DM LTF",,No,No,m15 ob,"Countertrend HTF, Range LTF, Range MTF",Market,"15m, 1m",5.03,5.03,Win,Sell,Wed,April,NY1 20:00 – 22:15,
,21/04/2026,For%20those%20who%20ever%20need/Notes/Performance/Untitled%202479-f556/USTEC_2026-04-22_19-16-47_2d6e3.png,phải chốt từ lúc giá chạm mức exit của GB,US100,,Price Action,"FVG LTF, OB LTF",,No,No,m15 swing,"Range LTF, Range MTF, Trending HTF",Market,"15m, 1m, 5m",-1,-1,Loss,Buy,Tues,April,L1 14:00 -> 15:48,
,21/04/2026,For%20those%20who%20ever%20need/Notes/Performance/Untitled%20c789-98ee/USTEC_2026-04-22_19-18-19_1be8c.png,"Đã chạm BPR h4, đây là lúc phải cẩn trọng",EUR/USD,,Price Action,OB HTF,,No,No,h4 swing,"Countertrend MTF, Trending HTF, Trending LTF",Market,"1D, 1h, 4h",-1,1.61,Loss,Sell,Mon,April,NY1 20:00 – 22:15,
,20/04/2026,For%20those%20who%20ever%20need/Notes/Performance/Untitled%200b39-39ef/USTEC_2026-04-22_19-10-26_4b85c.png,,US100,,Price Action,FVG LTF,,No,No,h4 open,"Countertrend HTF, Range MTF, Trending LTF",Market,"1m, 4h",7.1,7.1,Win,Sell,Mon,April,NY1 20:00 – 22:15,
,20/04/2026,,Tổng 2 kèo,GBP/JPY,,Price Action,NDOG Reclaim,,No,No,h4 swing,"Countertrend LTF, Countertrend MTF, Trending HTF",Market,"1D, 1h, 4h",1.9,1.9,Win,Buy,Mon,April,A1 7h-8h10,
,17/04/2026,"For%20those%20who%20ever%20need/Notes/Performance/Untitled%205559-73f8/NQ1!_2026-04-17_23-19-24_59b19.png, For%20those%20who%20ever%20need/Notes/Performance/Untitled%205559-73f8/NQ1!_2026-04-17_23-25-35_822bf.png",Cần đợi xác nhận bằng CISD,US100,,Price Action,OB LTF,,No,No,Week High,"Trending HTF, Trending LTF, Trending MTF",Market,1m,4.53,4.53,Win,Buy,Fri,April,NY1 20:00 – 22:15,
,17/04/2026,For%20those%20who%20ever%20need/Notes/Performance/Untitled%208739-4249/NQ1!_2026-04-17_23-27-52_86ab5.png,Lệnh ko có setup,US100,,Price Action,,,No,No,Week High,"Trending HTF, Trending LTF, Trending MTF",Market,1m,-1,-1,Loss,Buy,Fri,April,NY1 20:00 – 22:15,
,17/04/2026,For%20those%20who%20ever%20need/Notes/Performance/Untitled%20b459-5824/NQ1!_2026-04-17_23-27-52_86ab5.png,Lệnh đánh bừa bãi,US100,,Price Action,,,No,No,Week High,"Trending HTF, Trending LTF, Trending MTF",Market,1m,-1,-1,Loss,Buy,Fri,April,NY1 20:00 – 22:15,
,16/04/2026,For%20those%20who%20ever%20need/Notes/Performance/Untitled%20fd89-03dd/NQ1!_2026-04-16_21-47-39_67026.png,OB của Keylevel thì nên đứng ngoài chứ không hold lệnh. Đóng IFVF thì cắt,US100,,Price Action,"CISD LTF, OB LTF",,No,No,h4 ob,"Countertrend HTF, Trending LTF, Trending MTF",Market,1m,-1.5,0.79,Loss,Sell,Thurs,April,NY1 20:00 – 22:15,
30,14/04/2026,For%20those%20who%20ever%20need/Notes/Performance/30/USTEC_2026-04-14_21-47-29_19e5c.png,,US100,,Price Action,"IFVG LTF, Sweep LTF",4:03 - 4:30,No,No,HH/LL,"Trending HTF, Trending LTF, Trending MTF",Market,"15m, 1m",3.63,3.63,Win,Buy,Tues,April,NY1 20:00 – 22:15,
32,14/04/2026,For%20those%20who%20ever%20need/Notes/Performance/32/USTEC_2026-04-14_21-48-12_26ad4.png,,US100,,Price Action,"BPR LTF, Sweep LTF",,No,No,HH/LL,"Countertrend LTF, Trending HTF, Trending MTF",Market,"15m, 1m",3.27,3.27,Win,Buy,Tues,April,L1 14:00 -> 15:48,
33,13/04/2026,For%20those%20who%20ever%20need/Notes/Performance/33/GBPJPY_2026-04-14_21-51-34_d3a6a.png,,GBP/JPY,,Price Action,"FVG MTF, Sweep LTF",4:03 - 4:30,No,No,h4 swing,"Range LTF, Range MTF, Trending HTF",Market,"15m, 1h, 4h",4.3,4.3,Win,Buy,Mon,April,A6 12:50 – 14:00,
26,07/04/2026,"For%20those%20who%20ever%20need/Notes/Performance/26/EURUSD_2026-04-07_21-46-22_1d6ca.png, For%20those%20who%20ever%20need/Notes/Performance/26/EURUSD_2026-04-07_21-48-32_dcf5f.png",,EUR/USD,,Price Action,"FVG MTF, OB MTF",4:03 - 4:30,No,No,1st FVG,"Range MTF, Trending HTF, Trending LTF",Market,"15m, 5m",2.68,2.68,Win,Buy,Tues,April,A6 12:50 – 14:00,
27,07/04/2026,For%20those%20who%20ever%20need/Notes/Performance/27/GBPUSD_2026-04-07_21-51-44_836bb.png,,GBP/USD,,Price Action,"BB MTF, OB MTF, Sweep MTF",,No,No,m15 swing,"Range MTF, Trending HTF, Trending LTF",Market,"15m, 5m",2.21,2.21,Win,Buy,Tues,April,A6 12:50 – 14:00,
28,07/04/2026,For%20those%20who%20ever%20need/Notes/Performance/28/GBPJPY_2026-04-07_21-55-48_c40a8.png,,GBP/JPY,,Price Action,"FVG LTF, Sweep LTF",,No,No,m15 ob,"Range LTF, Range MTF, Trending HTF",Market,"15m, 5m",2.38,2.38,Win,Buy,Tues,April,A6 12:50 – 14:00,
29,07/04/2026,For%20those%20who%20ever%20need/Notes/Performance/29/USTEC_2026-04-07_22-07-57_66bd2.png,FVG hay BAG khi chưa làm được nhiệm vụ lấy thanh khoản thì giá sẽ ko ngừng lại,US100,,Price Action,"CISD LTF, FVG MTF, Sweep LTF",2:33 - 3:00,No,No,m15 swing,"Countertrend HTF, Trending LTF, Trending MTF",Market,"15m, 1m",2.69,2.69,Win,Sell,Tues,April,NY1 20:00 – 22:15,
23,06/04/2026,For%20those%20who%20ever%20need/Notes/Performance/23/TradingView_Screenshot_1775459764131.jpg,Clean,GBP/USD,,Price Action,"FVG MTF, MSS LTF, Sweep HTF",,No,No,50% gap,"Countertrend MTF, Range HTF, Trending LTF",Market,"15m, 5m",2.44,2.44,Win,Buy,Mon,April,A1 7h-8h10,
24,06/04/2026,For%20those%20who%20ever%20need/Notes/Performance/24/TradingView_Screenshot_1775464486855.jpg,Đóng ifvg thì cắt lệnh,Dầu,,Price Action,"FVG MTF, OB LTF",4:03 - 4:30,No,No,m15 swing,"Countertrend HTF, Countertrend LTF, Range MTF",Market,"15m, 1m",-0.9,1.48,Loss,Sell,Mon,April,L1 14:00 -> 15:48,
25,06/04/2026,For%20those%20who%20ever%20need/Notes/Performance/25/GBPJPY_2026-04-06_22-05-53_92381.png,nên đặt SL dưới FVG,GBP/JPY,,Price Action,"FVG HTF, Sweep LTF",,No,No,h1 swing,"Range HTF, Range LTF, Trending MTF",Market,"1h, 5m",-1,0.62,Loss,Buy,Mon,April,L3  17:36 – 19:24,
21,03/04/2026,For%20those%20who%20ever%20need/Notes/Performance/21/GBPJPY_2026-04-04_19-03-10_2ec29.png,Lệnh này vào sai khi giá vẫn chưa lấy đủ thanh khoản,GBP/JPY,,Price Action,"FVG LTF, MSS LTF",,No,No,h4 swing,"Countertrend HTF, Range LTF, Trending MTF",Market,"1h, 5m",-0.7,0.47,Loss,Buy,Fri,April,A3 09:20 – 10:30,
22,03/04/2026,For%20those%20who%20ever%20need/Notes/Performance/22/GBPJPY_2026-04-04_19-05-54_929ca.png,nên limit tại OB vì khi tạo FVG thanh khoản vẫn build up lên trong LTF nên khả năng cao nhất là giá sẽ về quét cho hết,GBP/JPY,,Price Action,FVG HTF,,No,No,h4 swing,"Countertrend HTF, Countertrend LTF, Range MTF",Limit,"1h, 5m",0.83,2.01,Win,Buy,Fri,April,A4 10:30 – 11:40,
16,02/04/2026,For%20those%20who%20ever%20need/Notes/Performance/16/GBPJPY_2026-04-02_17-19-57_1c9f0.png,Nếu là BAG có thể gồng tới OB,GBP/JPY,,Price Action,"OB LTF, Sweep LTF",,No,No,h4 fvg,"Range HTF, Range MTF, Trending LTF",Market,"15m, 1m, 4h",3.12,3.12,Win,Sell,Thurs,April,A3 09:20 – 10:30,
17,02/04/2026,For%20those%20who%20ever%20need/Notes/Performance/17/XAUUSD_2026-04-02_17-26-18_afc1c.png,mô hình 2 đỉnh nên chốt sớm,XAU/USD,,Price Action,FVG MTF,,No,No,h4 ob,"Countertrend HTF, Range MTF, Trending LTF",Market,"15m, 4h",1.55,2.13,Win,Buy,Thurs,April,NY1 20:00 – 22:15,
18,02/04/2026,For%20those%20who%20ever%20need/Notes/Performance/18/EURUSD_2026-04-02_22-00-38_541e1.png,"Khi giá đã chạm BB h1, có tí hiệu sideway tạo mô hình vai đầu ở đáy thì phải chốt",EUR/USD,,Price Action,"CISD LTF, OB LTF, Sweep LTF",,No,No,h4 fvg,"Range LTF, Trending HTF, Trending MTF",Market,"15m, 1m, 4h",-0.8,3.85,Loss,Sell,Thurs,April,L2 15:48 – 17:36,
19,02/04/2026,For%20those%20who%20ever%20need/Notes/Performance/19/EURUSD_2026-04-02_22-03-37_a7305.png,"lệnh cay cú, không chịu quan sát thị trường",EUR/USD,,Price Action,OB LTF,,No,No,h4 fvg,"Countertrend LTF, Countertrend MTF, Trending HTF",Market,1m,-1,0.5,Loss,Sell,Thurs,April,NY1 20:00 – 22:15,
20,02/04/2026,For%20those%20who%20ever%20need/Notes/Performance/20/EURUSD_2026-04-02_22-07-09_df22c.png,cú quét phiên mỹ mạnh,EUR/USD,,Price Action,"FVG LTF, Sweep LTF",,No,No,H1 fvg,"Range LTF, Trending HTF, Trending MTF",Market,"1h, 1m",3.43,3.43,Win,Buy,Thurs,April,NY1 20:00 – 22:15,
11,01/04/2026,For%20those%20who%20ever%20need/Notes/Performance/11/XAUUSD_2026-04-01_21-57-49_9b832.png,,XAU/USD,,Price Action,OB MTF,,No,No,m15 swing,"Countertrend LTF, Trending HTF, Trending LTF",Market,"15m, 1m",-1,2.2,Loss,Buy,Wed,April,A2 08:10 – 09:20,
12,01/04/2026,For%20those%20who%20ever%20need/Notes/Performance/12/XAUUSD_2026-04-01_22-05-05_8dc8b.png,,XAU/USD,,Price Action,MB LTF,,No,No,m15 ob,"Countertrend HTF, Countertrend LTF, Countertrend MTF",Market,"15m, 1m",-1,0.36,Loss,Sell,Wed,April,L1 14:00 -> 15:48,
13,01/04/2026,For%20those%20who%20ever%20need/Notes/Performance/13/XAUUSD_2026-04-01_22-07-01_f0255.png,,XAU/USD,,Price Action,FVG LTF,,No,No,m15 ob,"Countertrend HTF, Countertrend MTF, Range LTF",Market,"15m, 1m, 5m",-1,1.5,Loss,Sell,Wed,April,L1 14:00 -> 15:48,
14,01/04/2026,For%20those%20who%20ever%20need/Notes/Performance/14/XAUUSD_2026-04-01_22-12-27_febc1.png,fomo sell,XAU/USD,,Price Action,,,No,No,m15 swing,"Countertrend HTF, Range MTF, Trending HTF",Market,1m,-1,0.5,Loss,Sell,Wed,April,NY1 20:00 – 22:15,
15,01/04/2026,For%20those%20who%20ever%20need/Notes/Performance/15/XAUUSD_2026-04-01_22-15-11_34afa.png,phải đặt sl ở dưới ITL,XAU/USD,,Price Action,OB LTF,,No,No,h4 ob,"Range LTF, Range MTF, Trending HTF",Market,"15m, 1m, 4h",-1,1.62,Loss,Buy,Wed,April,NY1 20:00 – 22:15,
7,31/03/2026,For%20those%20who%20ever%20need/Notes/Performance/7/TradingView_Screenshot_1774946204437.jpg,,XAU/USD,,Price Action,BPR LTF,,No,No,Breaker m15,"Countertrend LTF, Countertrend MTF, Range HTF",Market,1m,2.92,2.92,Win,Sell,Tues,March,A2 08:10 – 09:20,
8,31/03/2026,For%20those%20who%20ever%20need/Notes/Performance/8/TradingView_Screenshot_1774946388256.jpg,,XAU/USD,,Price Action,"BB LTF, FVG LTF, MSS LTF",,No,No,Breaker m15,"Countertrend MTF, Range HTF, Trending LTF",Market,"1m, 3m",5.04,5.04,Win,Sell,Tues,March,A2 08:10 – 09:20,
9,31/03/2026,For%20those%20who%20ever%20need/Notes/Performance/9/TradingView_Screenshot_1774948340949.jpg,Đọi xác nhận phá fvg,XAU/USD,,Price Action,BB MTF,,No,No,m15 ob,"Countertrend LTF, Range HTF, Trending MTF",Market,1m,-1,-1,Loss,Buy,Tues,March,A3 09:20 – 10:30,
10,31/03/2026,For%20those%20who%20ever%20need/Notes/Performance/10/TradingView_Screenshot_1774948443927.jpg,,XAU/USD,,Price Action,"BPR LTF, Sweep MTF",,No,No,m15 ob,"Countertrend LTF, Range HTF, Trending MTF",Market,"15m, 1m",3.21,3.21,Win,Buy,Tues,March,L1 14:00 -> 15:48,
5,26/03/2026,For%20those%20who%20ever%20need/Notes/Performance/5/USTEC_2026-03-26_22-23-53_c254d.png,Đầu phiên cần đợi xác nhận,US100,,Price Action,"SMT, Sweep LTF",2:33 - 3:00,No,No,Asian H,"Countertrend HTF, Countertrend LTF, Countertrend MTF",Limit,"15m, 1m",-1,0.36,Loss,Buy,Thurs,March,NY1 20:00 – 22:15,
6,26/03/2026,For%20those%20who%20ever%20need/Notes/Performance/6/USTEC_2026-03-26_22-23-43_79a0d.png,Sideway và phía dưới không có kháng cự mạnh nên lúc này phải tp,US100,,Price Action,"SMT, Sweep LTF",2:33 - 3:00,No,No,Asian H,"Countertrend HTF, Countertrend LTF, Countertrend MTF",Market,"15m, 1m",0,1.66,BE,Buy,Thurs,March,NY1 20:00 – 22:15,
4,25/03/2026 20:48 (GMT+7),For%20those%20who%20ever%20need/Notes/Performance/4/TradingView_Screenshot_1774488377485.jpg,"Nên tp ở Ob, đặc trưng của vàng",XAU/USD,,Price Action,"Phá LRLR, SMT",2:33 - 3:00,No,No,m15 swing,"Range HTF, Range LTF, Range MTF",Market,1m,0.83,-1,Win,Sell,Wed,March,NY1 20:00 – 22:15,
3,25/03/2026 15:50 (GMT+7),For%20those%20who%20ever%20need/Notes/Performance/3/GBPUSD_2026-03-25_20-31-16_8a4d1.png,,GBP/USD,,Price Action,"MSS LTF, OB LTF, OB MTF",2:33 - 3:00,No,No,m15 ob,"Countertrend LTF, Range HTF, Range MTF",Market,"15m, 1m",2.34,2.34,Win,Sell,Wed,March,L2 15:48 – 17:36,
1,23/03/2026 10:12 (GMT+7),For%20those%20who%20ever%20need/Notes/Performance/1/XAUUSD_2026-03-23_10-14-49_9ec01.png,,XAU/USD,,Price Action,"IFVG LTF, OB MTF",2:33 - 3:00,No,No,m15 swing,"Countertrend HTF, Countertrend LTF, Countertrend MTF",Market,"15m, 1m",-1,1.36,Loss,Buy,Mon,March,A3 09:20 – 10:30,
2,23/03/2026 10:00 (GMT+7),For%20those%20who%20ever%20need/Notes/Performance/2/XAUUSD_2026-03-23_14-17-57_17846.png,Ăn sl hòa r đến tp. Thị trường đang ở giữa đồng ko mông quạnh,XAU/USD,,Price Action,BB LTF,2:33 - 3:00,No,No,HH/LL,"Trending HTF, Trending LTF, Trending MTF",Market,1m,0,2.06,BE,Sell,Mon,March,L1 14:00 -> 15:48,
,13/02/2026 15:14 (GMT+7),For%20those%20who%20ever%20need/Notes/Performance/Untitled%2041f9-e96f/GERMANY40_2026-05-09_17-47-29_684cd.png,,Ger40,,Price Action,"BAG LTF, Sweep MTF",,Yes,Yes,"GB Level, m15 ob","Countertrend HTF, Range LTF, Range MTF",Market,1m,-1,0,Loss,Buy,Fri,Feb,L1 14:00 -> 15:48,
,12/02/2026 21:54 (GMT+7),For%20those%20who%20ever%20need/Notes/Performance/Untitled%20a289-fc6d/GERMANY40_2026-05-09_17-43-56_172ef.png,,Ger40,,Price Action,"Sweep LTF, Sweep MTF",4:03 - 4:30,Yes,Yes,GB Level,"Countertrend MTF, Range HTF, Range LTF",Market,1m,2.86,2.86,Win,Sell,Thurs,Feb,NY1 20:00 – 22:15,
,10/02/2026 21:38 (GMT+7),For%20those%20who%20ever%20need/Notes/Performance/Untitled%207e09-76f9/GERMANY40_2026-05-09_17-24-16_fcc99.png,,Ger40,,Price Action,"FVA LTF, Sweep LTF",,No,Yes,London High,"Countertrend MTF, Range LTF, Trending HTF",Market,"1m, m2",-1,2.17,Loss,Buy,Tues,Feb,NY1 20:00 – 22:15,
,10/02/2026 16:09 (GMT+7),For%20those%20who%20ever%20need/Notes/Performance/Untitled%20d6e9-7252/GERMANY40_2026-05-09_17-18-10_30a85.png,Nếu break out bằng BAG thì entry bằng OB,Ger40,,Price Action,"FVA LTF, Sweep LTF",4:03 - 4:30,Yes,No,GB Level,"Trending HTF, Trending LTF, Trending MTF",Market,1m,2,2,Win,Buy,Tues,Feb,L2 15:48 – 17:36,
,10/02/2026 15:53 (GMT+7),For%20those%20who%20ever%20need/Notes/Performance/Untitled%204489-6586/GERMANY40_2026-05-09_17-14-14_1a8d1.png,,Ger40,,Price Action,"OB MTF, Sweep LTF, Tôn trọng ITH",,Yes,No,m1 swing,"Countertrend HTF, Countertrend LTF, Countertrend MTF",Market,1m,-1,0,Loss,Sell,Tues,Feb,L1 14:00 -> 15:48,
,14/01/2026,For%20those%20who%20ever%20need/Notes/Performance/Untitled%2021a9-69d2/NQ1!_2026-05-04_18-41-47_38c87.png,Nên có data volume để đặt tp tại OB,US100,,Price Action,"IFVG LTF, OB LTF",4:03 - 4:30,Yes,Yes,m1 OB,"Countertrend LTF, Countertrend MTF, Range HTF",Market,1m,0.85,3.39,Win,Buy,Wed,Jan,NY1 20:00 – 22:15,
,14/01/2026,For%20those%20who%20ever%20need/Notes/Performance/Untitled%204479-e120/NQ1!_2026-05-04_18-50-07_67d91.png,"Plan bị sai, cần xem ở đâu là cản mạnh",US100,,Price Action,"FVG LTF, MB LTF",4:03 - 4:30,Yes,Yes,GB Level,"Trending HTF, Trending LTF, Trending MTF",Market,1m,-1,0,Loss,Sell,Wed,Jan,NY1 20:00 – 22:15,
,14/01/2026,"For%20those%20who%20ever%20need/Notes/Performance/Untitled%20b699-f9b3/NQ1!_2026-05-04_18-55-36_61eef.png, For%20those%20who%20ever%20need/Notes/Performance/Untitled%20b699-f9b3/NQ1!_2026-05-04_18-57-55_6bf5f.png",Đã có 1 đoạn VI ở HTF bên trái,US100,,Price Action,OB LTF,,No,Yes,GB Level,"Trending HTF, Trending LTF, Trending MTF",Market,1m,0.7,2.39,Win,Buy,Wed,Jan,NY2 22:15 – 00:30,
,13/01/2026 22:08 (GMT+7),For%20those%20who%20ever%20need/Notes/Performance/Untitled%206759-9865/NQ1!_2026-05-10_19-02-23_a2baa.png,Giá đã chạm iBRK,US100,,Price Action,"FVA LTF, Sweep MTF",4:03 - 4:30,No,Yes,GB Level,"Countertrend MTF, Range HTF, Trending LTF",Market,1m,-1,3.52,Loss,Sell,Tues,Jan,NY1 20:00 – 22:15,
,13/01/2026 21:38 (GMT+7),For%20those%20who%20ever%20need/Notes/Performance/Untitled%201a59-f541/NQ1!_2026-05-10_18-58-04_92920.png,Với những volume over bullish hay over bearish thì đấy là vùng cản,US100,,PA + VP,"BAG LTF, OB LTF, Sweep LTF",,No,Yes,m1 swing,"Range HTF, Range LTF, Trending MTF",Market,1m,-1,2.18,Loss,Buy,Tues,Jan,NY1 20:00 – 22:15,
,13/01/2026 21:31 (GMT+7),For%20those%20who%20ever%20need/Notes/Performance/Untitled%20d679-60c0/NQ1!_2026-05-10_18-55-13_400d8.png,Đặt Sl dưới đáy sweep,US100,,Price Action,Sweep LTF,,No,Yes,m1 swing,"Range HTF, Range LTF, Trending MTF",Market,1m,-1,0,Loss,Buy,Tues,Jan,NY1 20:00 – 22:15,
,13/01/2026,For%20those%20who%20ever%20need/Notes/Performance/Untitled%2077c9-e909/NQ1!_2026-05-04_18-06-29_cec41.png,Nếu đã là 1 BAG thì cần tìm 1 hợp lưu,US100,,Price Action,RJ LTF,,Yes,Yes,m15 swing,"Market Open, Range HTF, Range LTF, Range MTF",Market,1m,-1,0,Loss,Buy,Mon,Jan,NY1 20:00 – 22:15,
,12/01/2026 22:13 (GMT+7),For%20those%20who%20ever%20need/Notes/Performance/Untitled%20b1f9-e0f2/NQ1!_2026-05-10_17-12-29_f4ad6.png,,US100,,Price Action,MB LTF,,No,Yes,h1 swing,"Range HTF, Trending LTF, Trending MTF",Market,1m,-1,2.63,Loss,Buy,Mon,Jan,NY1 20:00 – 22:15,
,12/01/2026 21:30 (GMT+7),For%20those%20who%20ever%20need/Notes/Performance/Untitled%200e79-acc7/NQ1!_2026-05-10_17-11-03_d13b9.png,,US100,,Price Action,"BAG LTF, Sweep LTF",,No,Yes,m15 swing,"Countertrend HTF, Range LTF, Range MTF",Market,1m,2.41,2.41,Win,Buy,Mon,Jan,NY1 20:00 – 22:15,
,30/12/2025 20:00 (GMT+7),For%20those%20who%20ever%20need/Notes/Performance/Untitled%205e39-672e/NQ1!_2026-05-24_13-06-29_48598.png,,US100,,Price Action,"FVA LTF, FVA MTF",,Yes,Yes,GB Level,"Range HTF, Range LTF, Range MTF",Market,"1h, 1m, 5m",1.52,3.48,Win,Buy,Tues,Dec,A2 08:10 – 09:20,
,30/12/2025 17:43 (GMT+7),For%20those%20who%20ever%20need/Notes/Performance/Untitled%2036a9-3b59/NQ1!_2026-05-24_13-12-02_f5848.png,,US100,,Price Action,"GBT, OB LTF, Sweep LTF, Sweep MTF",,Yes,Yes,GB Level,"Range HTF, Range MTF, Trending LTF",,,3.5,8.63,Win,Sell,Tues,Dec,L3  17:36 – 19:24,
,30/12/2025 16:13 (GMT+7),For%20those%20who%20ever%20need/Notes/Performance/Untitled%202cb9-3c6d/NQ1!_2026-05-24_13-18-04_a5ac6.png,Chưa có phản ứng với vùng quan trọng và CISD chưa phá đáy quan trọng,US100,,Price Action,"CISD LTF, GBT, Sweep LTF",4:03 - 4:30,No,Yes,GB Level,"Countertrend LTF, Countertrend MTF, Range HTF",Market,1m,-1,0,Loss,Sell,Tues,Dec,L1 14:00 -> 15:48,
,30/12/2025 15:40 (GMT+7),For%20those%20who%20ever%20need/Notes/Performance/Untitled%208129-08b3/NQ1!_2026-05-24_13-15-53_a0998.png,Đợi giá quét hết thanh khoản r hồi về OB quan trọng hẳn vào,US100,,Price Action,"CISD LTF, Sweep LTF",,No,Yes,GB Level,"Countertrend LTF, Countertrend MTF, Range HTF",Market,1m,-1,0,Loss,Sell,Tues,Dec,L1 14:00 -> 15:48,
,30/12/2025 8:39 (GMT+7),For%20those%20who%20ever%20need/Notes/Performance/Untitled%205959-e274/NQ1!_2026-05-24_13-02-56_ab621.png,"vào sớm quá, đợi về STL rồi entry",US100,,Price Action,BAG LTF,,Yes,No,"GB Level, m15 LV","Range HTF, Range LTF, Range MTF",Market,"1h, 1m, 5m",-1,0.63,Loss,Buy,Tues,Dec,A2 08:10 – 09:20,
,29/12/2025 2:21 (GMT+7),For%20those%20who%20ever%20need/Notes/Performance/Untitled%204689-f911/NQ1!_2026-05-24_12-57-02_5bd88.png,,US100,,Price Action,"GBT, OB LTF",,No,No,GB Level,"Range HTF, Range MTF, Trending LTF",Market,1m,4.6,8.72,Win,Buy,Mon,Dec,NY3 00:30 – 02:45,
,29/12/2025 1:28 (GMT+7),For%20those%20who%20ever%20need/Notes/Performance/Untitled%208bc9-cdc3/NQ1!_2026-05-24_12-52-38_7ba68.png,,US100,,Price Action,"FVA LTF, Phá LRLR",,Yes,Yes,GB Level,"Range HTF, Range MTF, Trending LTF",Limit,1m,1.3,3.7,Win,Buy,Mon,Dec,NY3 00:30 – 02:45,
,16/12/2025,For%20those%20who%20ever%20need/Notes/Performance/Untitled%20a809-017d/USTEC_2026-05-03_10-55-13_150d8.png,Dù có hợp lưu nhưng nó không phải RJ,US100,,Price Action,RJ LTF,,Yes,Yes,m15 ob,"Countertrend HTF, Countertrend MTF, Market Open, Range MTF",Limit,1m,-1,0,Loss,Sell,Tues,Dec,NY1 20:00 – 22:15,
,16/12/2025,For%20those%20who%20ever%20need/Notes/Performance/Untitled%2052f9-a8d1/USTEC_2026-05-03_11-00-20_0dccc.png,"có vẻ do tin nên cây nến mở cửa m1 đi không như dự tính, tuy nhiên để an toàn thì nên để sl trên BB",US100,,Price Action,PB LTF,,Yes,Yes,m1 swing,"Countertrend HTF, Range LTF, Range MTF",Limit,1m,-1,2.39,Loss,Sell,Tues,Dec,NY1 20:00 – 22:15,
,16/12/2025,For%20those%20who%20ever%20need/Notes/Performance/Untitled%20cef9-1765/USTEC_2026-05-03_11-05-32_2b296.png,,US100,,Price Action,"Sweep MTF, iBPR LTF",4:03 - 4:30,Yes,Yes,m15 FVG,"Countertrend HTF, Range MTF, Trending LTF",Market,1m,-1,0.93,Loss,Buy,Tues,Dec,NY1 20:00 – 22:15,
,16/12/2025,For%20those%20who%20ever%20need/Notes/Performance/Untitled%20cfa9-95b9/USTEC_2026-05-03_11-12-28_45cdd.png,First IFVG mới là điểm entry,US100,,Price Action,"IFVG LTF, OB MTF",,Yes,No,m15 swing,"Countertrend HTF, Countertrend LTF, Countertrend MTF",Limit,1m,-1,3.93,Loss,Buy,Tues,Dec,NY1 20:00 – 22:15,
,15/12/2025,For%20those%20who%20ever%20need/Notes/Performance/Untitled%20b549-d848/USTEC_2026-05-03_10-49-19_80404.png,đã có hợp lưu GB OB phía trên thì tp ở đó,US100,,Price Action,BB LTF,4:03 - 4:30,Yes,Yes,m15 swing,"Countertrend MTF, Range HTF, Trending LTF",Limit,1m,-1,3.79,Loss,Buy,Mon,Dec,NY2 22:15 – 00:30,
,03/12/2025 20:08 (GMT+7),For%20those%20who%20ever%20need/Notes/Performance/Untitled%2036c9-7ff5/EURUSD_2026-05-24_10-18-08_89fd7.png,Lệnh này đánh ngược trend lớn,EUR/USD,,Price Action,stop hunt goldbach,,Yes,No,GB Level,"Countertrend HTF, Range MTF, Trending LTF",Market,1m,0,1.39,BE,Sell,Wed,Dec,NY1 20:00 – 22:15,
,21/11/2025 21:03 (GMT+7),"For%20those%20who%20ever%20need/Notes/Performance/Untitled%20ba19-995c/NQ1!_2026-05-14_19-08-26_a2878.png, For%20those%20who%20ever%20need/Notes/Performance/Untitled%20ba19-995c/NQ1!_2026-05-14_19-11-57_0567b.png",Nếu vẫn còn Over Bearish hay Over Bullish thì nên đợi phản ứng tại đó và khi giá chạm STL đầu tiên thì chốt 1 nửa để an toàn vị thế trong range,US100,,PA + VP,"CISD LTF, Sweep LTF, Sweep MTF",9:50 - 10:10,No,No,"GB Level, SDTV","Range HTF, Range LTF, Range MTF",Limit,1m,-1,3.07,Loss,Sell,Fri,May,NY1 20:00 – 22:15,
,19/11/2025 23:22 (GMT+7),For%20those%20who%20ever%20need/Notes/Performance/Untitled%2083b9-4186/NQ1!_2026-05-14_15-34-04_d9b93.png,,US100,,Price Action,FVA LTF,,Yes,Yes,h1 swing,"Countertrend LTF, Range HTF, Range MTF",Market,1m,-1,0,Loss,Buy,Wed,Nov,NY2 22:15 – 00:30,
,18/11/2025 0:00 (GMT+7),For%20those%20who%20ever%20need/Notes/Performance/Untitled%200029-a06e/NQ1!_2026-05-16_17-05-59_6c0c0.png,,US100,,Volume Profile,Flat Block,,No,No,m15 swing,"Countertrend LTF, Range HTF, Range MTF",Limit,1m,33.7,33.7,Win,Sell,Tues,May,NY2 22:15 – 00:30,
,17/11/2025 10:09 (GMT+7),For%20those%20who%20ever%20need/Notes/Performance/Untitled%207e19-3b0f/NQ1!_2026-05-16_13-33-46_ac60a.png,tp an toàn nhất là ở OB gần nhất,US100,,Volume Profile,"Flat Block, POC",9:50 - 10:10,No,Yes,VAH,"Countertrend MTF, Range HTF, Trending LTF",Limit,1m,-1,10.86,Loss,Buy,Mon,May,NY1 20:00 – 22:15,
,14/11/2025 22:02 (GMT+7),For%20those%20who%20ever%20need/Notes/Performance/Untitled%207f09-d30d/USTEC_2026-05-07_21-44-51_d9aeb.png,,US100,,Price Action,OB LTF,4:03 - 4:30,Yes,No,"GB Level, m15 swing","Range HTF, Trending LTF, Trending MTF",Market,1m,3.04,3.04,Win,Buy,Fri,Nov,NY1 20:00 – 22:15,