Name,Day,Entry,Entry TF,Follow your plan,Hợp lưu GB,Learning,Macro,Market Condition,Month,News,Pair,Po3 Range,Position,R:R,R:R Potential,STime Entry,Setup,Strategy,Trade Date,Trade Recap,WR,bias
,Fri,Market,1m,Yes,Yes,cảm ơn Trăm,,"Range HTF, Range LTF, Trending MTF",July,Trump Cannon Events,US100,243,Buy,-1,5.44,NY1 20:00 – 22:15,"CET 44, GBT 41, IFVG LTF, stop hunt goldbach",Price Action,10/07/2026 21:46 (GMT+7),For%20those%20who%20ever%20need/Notes/Performance/Untitled/image.png,Loss,GB Level
,Thurs,Limit,1m,No,No,"cố tình chốt non, nếu không thì chốt đến vùng BR vùng sau",,"Range LTF, Range MTF, Trending HTF",July,NoThing,US100,243,Buy,6.9,6.9,NY1 20:00 – 22:15,"CET 44, Cấu trúc ITL LTF, stop hunt goldbach",Price Action,09/07/2026 21:31 (GMT+7),For%20those%20who%20ever%20need/Notes/Performance/Untitled%20b639-0724/image.png,Win,
,Wed,Market,1m,No,Yes,Sai lầm nghiêm trọng khi trailing quá sớm,,"Range MTF, Trending HTF, Trending LTF",July,NoThing,Ger40,243,Sell,3.6,6.34,A5 11:40 – 12:50,"CET 44, stop hunt goldbach",Price Action,08/07/2026 12:47 (GMT+7),For%20those%20who%20ever%20need/Notes/Performance/Untitled%2091d9-c3ef/image.png,Win,m1 swing
,Wed,Market,1m,No,Yes,Không để ý ngay đoạn 35 giá đã tạo ra gap nên cần phải đợi,,"Range MTF, Trending HTF, Trending LTF",July,NoThing,Ger40,243,Sell,-0.5,0,A5 11:40 – 12:50,CET 35,Price Action,08/07/2026 12:35 (GMT+7),For%20those%20who%20ever%20need/Notes/Performance/Untitled%206589-2824/image.png,Loss,"GB Level, m1 swing"
,Tues,Market,1m,Yes,No,"chốt non, ít nhất cũng phải lên vùng breaker của range sau",,"Countertrend HTF, Countertrend MTF, Trending LTF",July,NoThing,US100,243,Buy,4.49,4.49,NY2 22:15 – 00:30,"GBT 56, Mitigation Setup",Price Action,07/07/2026 23:00 (GMT+7),"For%20those%20who%20ever%20need/Notes/Performance/Untitled%20ecf9-ddd1/image.png, For%20those%20who%20ever%20need/Notes/Performance/Untitled%20ecf9-ddd1/image%201.png",Win,"GB Level, m1 OB"
,Tues,Market,1m,Yes,Yes,Phải tp xuống Low,,"Range LTF, Trending HTF, Trending MTF",July,NoThing,US100,243,Sell,3.95,3.95,L1 14:00 -> 15:48,"CET 35, OB MTF, Tôn trọng ITH",Price Action,07/07/2026 14:33 (GMT+7),For%20those%20who%20ever%20need/Notes/Performance/Untitled%200009-6c23/image.png,Win,CE OB Level
,Tues,Market,1m,Yes,Yes,,2:33 - 3:00,"Countertrend MTF, Range HTF, Range LTF",July,NoThing,US100,243,Sell,3.23,3.23,A6 12:50 – 14:00,"GBT 29, OB LTF, Sweep LTF",Price Action,07/07/2026 13:29 (GMT+7),For%20those%20who%20ever%20need/Notes/Performance/Untitled%209599-0cd6/image.png,Win,CE Breaker Level
,Thurs,Limit,1m,Yes,Yes,,,"Range HTF, Range MTF, Trending LTF",June,NoThing,US100,,Buy,3.3,4.73,A3 09:20 – 10:30,"BAG LTF, CET 14, GBT 7, OB LTF",Price Action,04/06/2026 10:14 (GMT+7),For%20those%20who%20ever%20need/Notes/Performance/Untitled%20d539-35e1/image.png,Win,GB Level
,Tues,Market,1m,Yes,Yes,"Chốt non, phải chốt về vùng stop run",,"Range LTF, Trending HTF, Trending MTF",July,NoThing,US100,243,Sell,8.75,8.75,A3 09:20 – 10:30,"CET 14, OB LTF, Sweep LTF",Price Action,07/07/2026 10:15 (GMT+7),"For%20those%20who%20ever%20need/Notes/Performance/Untitled%20c479-d873/image.png, For%20those%20who%20ever%20need/Notes/Performance/Untitled%20c479-d873/image%201.png",Win,stop run
,Thurs,Market,"15m, 1m",Yes,Yes,,,"Range HTF, Trending LTF, Trending MTF",June,NoThing,US100,,Sell,8.15,8.15,A2 08:10 – 09:20,"FVA LTF, FVG MTF, GBT 65",Price Action,04/06/2026 8:48 (GMT+7),For%20those%20who%20ever%20need/Notes/Performance/Untitled%202639-ba73/NQ1!_2026-06-04_19-05-50_3106d.png,Win,GB Level
,Thurs,Market,1m,Yes,Yes,"Giá đi lên nhưng vol giảm, tăng mạnh khớp thêm nhiều vị thế",2:33 - 3:00,"Range HTF, Trending LTF, Trending MTF",July,HIGH,US100,81,Sell,8.78,8.78,L1 14:00 -> 15:48,"CET 35, FVG GBT 7, Mitigation Setup, Sweep LTF",PA + VL,02/07/2026 14:36 (GMT+7),For%20those%20who%20ever%20need/Notes/Performance/Untitled%20e849-e863/image.png,Win,50% partition tiếp theo
,Mon,Market,1m,No,Yes,,,"Range MTF, Trending HTF, Trending LTF",May,HOLIDAY,US100,,Buy,4,4,L2 15:48 – 17:36,GBT 11,Price Action,25/05/2026 17:12 (GMT+7),For%20those%20who%20ever%20need/Notes/Performance/Untitled%20c749-31d0/NQ1!_2026-05-25_19-12-39_8e35d.png,Win,GB Level
,Thurs,Market,1m,No,No,,,"Range HTF, Trending LTF, Trending MTF",July,HIGH,US100,81,Sell,3.57,3.57,L1 14:00 -> 15:48,"11 -> 17/23, 7 -> 11",Price Action,02/07/2026 14:08 (GMT+7),For%20those%20who%20ever%20need/Notes/Performance/Untitled%20f4d9-dad2/image.png,Win,Asian L
,Mon,Market,1m,No,Yes,Chưa có Goldbach Time,,"Range LTF, Range MTF, Trending HTF",May,HOLIDAY,US100,,Buy,-1,1.65,L2 15:48 – 17:36,,Price Action,25/05/2026 16:31 (GMT+7),For%20those%20who%20ever%20need/Notes/Performance/Untitled%202a89-360b/NQ1!_2026-05-25_19-16-04_f5aa7.png,Loss,
,Thurs,Market,1m,No,No,,,"Range HTF, Trending LTF, Trending MTF",July,HIGH,US100,243,Sell,3.74,12,A4 10:30 – 11:40,"11 -> 17/23, 7 -> 11",Price Action,02/07/2026 11:09 (GMT+7),For%20those%20who%20ever%20need/Notes/Performance/Untitled%2093f9-3e6a/image.png,Win,GB Level
,Fri,Market,1m,No,Yes,,,"Countertrend HTF, Range MTF, Trending LTF",May,,US100,,Sell,5,13.97,NY3 00:30 – 02:45,"GBT, OB LTF",Price Action,23/05/2026 1:10 (GMT+7),For%20those%20who%20ever%20need/Notes/Performance/Untitled%20f769-e412/NQ1!_2026-05-23_09-11-55_7cf4c.png,Win,m1 breaker
,Thurs,Market,1m,Yes,Yes,Chưa vào 3p nên entry quá vội,,"Range HTF, Range MTF, Trending LTF",July,HIGH,US100,81,Buy,-1,0,A4 10:30 – 11:40,FVA LTF,Price Action,02/07/2026 11:03 (GMT+7),For%20those%20who%20ever%20need/Notes/Performance/Untitled%20fc79-9551/image.png,Loss,GB Level
,Fri,Market,1m,No,No,,9:50 - 10:10,"Countertrend HTF, Countertrend LTF, Range MTF",May,,US100,,Sell,-1,0,NY1 20:00 – 22:15,"RJ LTF, SMT",Price Action,22/05/2026 21:48 (GMT+7),For%20those%20who%20ever%20need/Notes/Performance/Untitled%20e089-74bc/NQ1!_2026-05-23_09-15-39_4c060.png,Loss,m1 breaker
,Wed,Market,1m,Yes,No,"chọn sai giờ, market gần đóng cửa",,"Range HTF, Range LTF, Range MTF",June,NoThing,US100,81,Sell,-1,1.27,NY4 02:45 – 05:00,"GBT 29, RJ LTF",Price Action,24/06/2026 3:29 (GMT+7),For%20those%20who%20ever%20need/Notes/Performance/Untitled%204369-2cd8/image.png,Loss,m15 swing
,Fri,Market,1m,Yes,Yes,,,"Trending HTF, Trending LTF, Trending MTF",May,,US100,,Buy,2,3.81,NY1 20:00 – 22:15,OB LTF,Price Action,22/05/2026 20:30 (GMT+7),For%20those%20who%20ever%20need/Notes/Performance/Untitled%201539-b6f7/NQ1!_2026-05-23_01-09-33_85dcd.png,Win,GB Level
,Wed,Limit,1m,Yes,No,chưa có pivot,,"Range HTF, Range LTF, Range MTF",June,NoThing,US100,81,Sell,-1,0,NY4 02:45 – 05:00,RJ LTF,Price Action,24/06/2026 3:23 (GMT+7),For%20those%20who%20ever%20need/Notes/Performance/Untitled%20d779-6398/image.png,Loss,"GB Level, m15 swing"
,Fri,Limit,1m,Yes,Yes,,,"Range LTF, Trending HTF, Trending MTF",May,,US100,,Buy,14.97,14.97,A2 08:10 – 09:20,"FVA LTF, Sweep MTF",PA + VP,22/05/2026 8:42 (GMT+7),For%20those%20who%20ever%20need/Notes/Performance/Untitled%201139-5406/NAS100_2026-05-23_09-07-15.png,Win,GB Level
,Wed,Market,1m,No,No,đánh bừa bãi,15:50 - 16:10,"Range LTF, Range MTF, Trending HTF",June,NoThing,US100,81,Sell,-1,0,NY4 02:45 – 05:00,FVG LTF,Price Action,24/06/2026 3:06 (GMT+7),For%20those%20who%20ever%20need/Notes/Performance/Untitled%20bb19-5a09/image.png,Loss,GB Level
,Fri,Limit,1m,Yes,Yes,lệnh này quên không limit ở mt5,,"Range LTF, Trending HTF, Trending MTF",May,,US100,,Buy,4.19,14.97,A2 08:10 – 09:20,"FVA LTF, Sweep MTF",PA + VP,22/05/2026 8:42 (GMT+7),For%20those%20who%20ever%20need/Notes/Performance/Untitled%20b839-eaff/NAS100_2026-05-23_09-10-14.png,Win,GB Level
,Tues,Market,1m,Yes,Yes,Khi market đang dải nhiều thanh khoản có sẵn trên thị trường thì đợi quét ở 41/44 rồi hẳn vào,,"Range LTF, Range MTF, Trending HTF",June,NoThing,US100,243,Sell,-1,1.12,NY2 22:15 – 00:30,"CET 35, GBT 29, OB LTF",Price Action,23/06/2026 23:33 (GMT+7),For%20those%20who%20ever%20need/Notes/Performance/Untitled%2028a9-9bd0/image.png,Loss,"GB Level, m1 DM"
,Thurs,Market,"1m, 4h",Yes,Yes,Đợi Market có cú stop hunt khi ở vùng goldbach không hình thành ngay được  điểm swing,,"Range HTF, Range LTF, Range MTF",May,,US100,,Buy,-1,1.06,NY2 22:15 – 00:30,"OB LTF, Sweep LTF",Price Action,21/05/2026 23:23 (GMT+7),For%20those%20who%20ever%20need/Notes/Performance/Untitled%2058a9-d7eb/US100_2026-05-22_00-40-48.png,Loss,GB Level
,Tues,Market,1m,Yes,Yes,35 đang ngay đoạn OB dưới nên đợi hẳn 41 quét rồi vào,4:03 - 4:30,"Trending HTF, Trending LTF, Trending MTF",June,NoThing,US100,243,Sell,-1,0,L1 14:00 -> 15:48,"CET 35, OB LTF",Price Action,23/06/2026 14:35 (GMT+7),For%20those%20who%20ever%20need/Notes/Performance/Untitled%20c9f9-5dec/image.png,Loss,GB Level
,Tues,Market,1m,Yes,No,Đợi giá hồi về iBreaker Block rồi chơi,,"Range HTF, Range LTF, Range MTF",May,,XAU/USD,,Buy,-1,0,L3  17:36 – 19:24,"BAG LTF, Major Flat Block, Over Bullish block, Sweep LTF",Price Action,19/05/2026 19:17 (GMT+7),For%20those%20who%20ever%20need/Notes/Performance/Untitled%20d6f9-bd66/XAUUSD_2026-05-19_19-37-35_cd133.png,Loss,m15 swing
,Tues,Market,1m,Yes,Yes,,,"Trending HTF, Trending LTF, Trending MTF",June,NoThing,US100,243,Sell,4.71,4.71,L1 14:00 -> 15:48,"CET 35, GBT 29, MMXM Algo, OB LTF",Price Action,23/06/2026 14:30 (GMT+7),For%20those%20who%20ever%20need/Notes/Performance/Untitled%206da9-d5ba/image.png,Win,GB Level
,Tues,Market,1m,Yes,No,Hold tới Over Bullish Block,,"Range HTF, Range LTF, Range MTF",May,,XAU/USD,,Sell,7.01,7.01,L3  17:36 – 19:24,"Major Flat Block, Sweep LTF",Volume Profile,19/05/2026 18:44 (GMT+7),For%20those%20who%20ever%20need/Notes/Performance/Untitled%20b1f9-5789/XAUUSD_2026-05-19_19-32-23_4fe9f.png,Win,m1 OB
,Tues,Market,1m,Yes,Yes,đang dạy thấy cảnh này hoảng quá cắt sớm,,"Trending HTF, Trending LTF, Trending MTF",June,NoThing,US100,243,Sell,2,8.42,A6 12:50 – 14:00,"GBT 17, OB LTF",Price Action,23/06/2026 13:15 (GMT+7),For%20those%20who%20ever%20need/Notes/Performance/Untitled%207419-b400/image.png,Win,GB Level
,Tues,Market,1m,No,No,Bị spread quét mất sl,,"Range HTF, Range LTF, Range MTF",May,,XAU/USD,,Sell,-1,2.73,L3  17:36 – 19:24,Major Flat Block,Volume Profile,19/05/2026 18:24 (GMT+7),For%20those%20who%20ever%20need/Notes/Performance/Untitled%208d29-4937/XAUUSD_2026-05-19_19-35-01_241d3.png,Loss,m1 OB
,Mon,Market,1m,Yes,No,Giai đoạn từ 00-11 thì giá sẽ giao động ở vùng trũng trước khi mà thật sự tiến tới những keylevel của Po3 range,,"Trending HTF, Trending LTF, Trending MTF",June,NoThing,US100,243,Sell,-1,0,A6 12:50 – 14:00,"GBT 11, OB LTF",Price Action,23/06/2026 13:11 (GMT+7),For%20those%20who%20ever%20need/Notes/Performance/Untitled%207129-5daa/image.png,Loss,GB Level
,Tues,Market,1m,No,No,,4:03 - 4:30,"Range HTF, Range MTF, Trending LTF",May,,XAU/USD,,Sell,-1,0,L1 14:00 -> 15:48,FVG LTF,Price Action,19/05/2026 15:38 (GMT+7),For%20those%20who%20ever%20need/Notes/Performance/Untitled%209059-20dc/XAUUSD_2026-05-19_19-43-50_3d2ea.png,Loss,m15 swing
,Tues,Market,1m,Yes,Yes,Đang trong 1 đà xu hướng mạnh thì TP ở vùng BR ở dưới vùng 0.5,,"Trending HTF, Trending LTF, Trending MTF",June,NoThing,US100,243,Sell,4.07,4.07,A4 10:30 – 11:40,"CET 35, GBT 29, OB LTF, Sweep LTF",Price Action,23/06/2026 11:33 (GMT+7),For%20those%20who%20ever%20need/Notes/Performance/Untitled%20c169-3baf/image.png,Win,GB Level
,Tues,Market,"15m, 1m, 5m",Yes,No,Cài BE quá sớm,4:03 - 4:30,"Range HTF, Range MTF, Trending LTF",May,,XAU/USD,,Sell,0,5.79,L1 14:00 -> 15:48,"FVG LTF, Sweep LTF, iBreaker LTF",Price Action,19/05/2026 15:19 (GMT+7),For%20those%20who%20ever%20need/Notes/Performance/Untitled%203689-55aa/XAUUSD_2026-05-19_19-40-29_a0885.png,BE,m15 swing
,Tues,Market,1m,Yes,Yes,Với đà giảm mạnh và Algo trending đang hoạt động thì gồng ít nhất qua IPDA tiếp theo,,"Trending HTF, Trending LTF, Trending MTF",June,NoThing,US100,243,Sell,4.95,4.95,A3 09:20 – 10:30,"GBT 29, OB LTF, Sweep LTF",Price Action,23/06/2026 9:31 (GMT+7),For%20those%20who%20ever%20need/Notes/Performance/Untitled%202d49-c101/image.png,Win,GB Level
,Fri,Market,"15m, 1m",Yes,No,Sai lầm là mua ngay tại OB đang chặn,,"Countertrend MTF, Range HTF, Trending LTF",May,,XAU/USD,,Buy,-1,0,NY3 00:30 – 02:45,OB LTF,Price Action,16/05/2026 0:35 (GMT+7),For%20those%20who%20ever%20need/Notes/Performance/Untitled%20d399-446b/GC1!_2026-05-16_10-52-44_b7b3c.png,Loss,m15 ob
,Mon,Market,"1h, 1m",Yes,Yes,THị trường đã đi đủ các Pha căn bản rồi thì chỉ đợi hình thành 1 cú quét là entry,,"Range HTF, Trending LTF, Trending MTF",June,NoThing,US100,243,Buy,51.18,51.18,A6 12:50 – 14:00,"GBT 47, Sweep LTF",Price Action,22/06/2026 12:50 (GMT+7),For%20those%20who%20ever%20need/Notes/Performance/Untitled%203c09-b7ba/image.png,Win,h1 swing
,Fri,Market,1m,Yes,No,,8:20 - 8:40,"Range HTF, Range LTF, Trending MTF",May,,XAU/USD,,Sell,4.26,4.26,L4 19:24 – 21:12,Over Bullish block,PA + VP,15/05/2026 19:22 (GMT+7),For%20those%20who%20ever%20need/Notes/Performance/Untitled%200479-1186/GC1!_2026-05-15_21-32-08_c8fe5.png,Win,Over Bullish Block
,Mon,Market,1m,Yes,Yes,"Những lúc đang counter trend lại nhịp đẩy trước thì phải cẩn thận narrative chính và hơn hết là vùng stophunt, đó không còn là lựa chọn mà bắt buộc khi stop hunt diễn ra đồng thời ở 44",,"Range HTF, Range LTF, Range MTF",June,NoThing,US100,81,Sell,0,9.03,A4 10:30 – 11:40,"CET 35, GBT 41, OB LTF",Price Action,22/06/2026 10:34 (GMT+7),For%20those%20who%20ever%20need/Notes/Performance/Untitled%203d89-4796/image.png,BE,BPR m15
,Fri,Market,1m,Yes,No,,2:33 - 3:00,"Range MTF, Trending HTF, Trending LTF",May,,US100,,Buy,6.08,6.08,L1 14:00 -> 15:48,"1st fvg, FVG LTF, IFVG MTF",Price Action,15/05/2026 13:43 (GMT+7),For%20those%20who%20ever%20need/Notes/Performance/Untitled%20fb69-b79e/NQ1!_2026-05-15_21-37-04_39457.png,Win,"GB Level, sth"
,Mon,Market,1m,Yes,Yes,Còn vùng hợp lưu FVG m6 từ giai đoạn đẩy giá trước nên đợt giảm này chưa phải là đợt giảm chính của thị trường,,"Range HTF, Range MTF, Trending LTF",June,NoThing,US100,81,Sell,0,4.15,A3 09:20 – 10:30,"CET 44, Sweep LTF",Price Action,22/06/2026 9:43 (GMT+7),For%20those%20who%20ever%20need/Notes/Performance/Untitled%20b239-7bf2/image.png,BE,GB Level
,Thurs,Market,1m,Yes,Yes,,9:50 - 10:10,"Trending HTF, Trending LTF, Trending MTF",May,,US100,,Buy,3.08,3.08,NY1 20:00 – 22:15,FVA MTF,Price Action,14/05/2026 21:01 (GMT+7),For%20those%20who%20ever%20need/Notes/Performance/Untitled%2080b9-5356/NQ1!_2026-05-15_21-52-17_dd6eb.png,Win,GB Level
,Fri,Market,1m,Yes,Yes,Nếu không dùng IPDA thì nên chốt theo điểm swing cho an toàn,,"Range LTF, Trending HTF, Trending MTF",June,HIGH,US100,,Sell,4.78,4.78,NY3 00:30 – 02:45,"GBT 00, OB LTF",Price Action,06/06/2026 1:02 (GMT+7),For%20those%20who%20ever%20need/Notes/Performance/Untitled%20d5e9-6e80/image.png,Win,m1 swing
,Thurs,Market,1m,Yes,No,,,"Range HTF, Range LTF, Range MTF",May,,XAU/USD,,Sell,2.12,2.12,NY1 20:00 – 22:15,OB LTF,Price Action,14/05/2026 20:14 (GMT+7),For%20those%20who%20ever%20need/Notes/Performance/Untitled%208bc9-51a3/GC1!_2026-05-15_22-09-09_4abf9.png,Win,Over Bullish Block
,Fri,Limit,1m,Yes,Yes,,9:50 - 10:10,"Range LTF, Trending HTF, Trending MTF",June,HIGH,US100,,Sell,8.35,8.35,NY1 20:00 – 22:15,"BAG LTF, GBT/CET 03, OD LTF, Sweep LTF",Price Action,05/06/2026 22:04 (GMT+7),For%20those%20who%20ever%20need/Notes/Performance/Untitled%201029-9145/image.png,Win,GB Level
,Thurs,Market,1m,Yes,No,,,"Range HTF, Range LTF, Range MTF",May,,XAU/USD,,Buy,3.35,3.35,L4 19:24 – 21:12,FVA LTF,Volume Profile,14/05/2026 19:47 (GMT+7),"For%20those%20who%20ever%20need/Notes/Performance/Untitled%20d229-9c8b/GC1!_2026-05-15_22-05-48_70f8e.png, For%20those%20who%20ever%20need/Notes/Performance/Untitled%20d229-9c8b/GC1!_2026-05-15_22-07-49_c818f.png",Win,POC
,Fri,Market,1m,Yes,No,Đợi GBT 00 thì mới kết thúc sideway,,"Range LTF, Trending HTF, Trending MTF",June,HIGH,US100,,Sell,-1,0,NY1 20:00 – 22:15,OB LTF,Price Action,05/06/2026 21:48 (GMT+7),For%20those%20who%20ever%20need/Notes/Performance/Untitled%209599-6993/image.png,Loss,GB Level
,Thurs,Market,1m,No,No,,,"Range HTF, Range LTF, Range MTF",May,,XAU/USD,,Buy,-1,0,L4 19:24 – 21:12,OB LTF,Price Action,14/05/2026 19:43 (GMT+7),For%20those%20who%20ever%20need/Notes/Performance/Untitled%20b129-6f04/GC1!_2026-05-15_22-13-54_c1e7c.png,Loss,GB Level
,Fri,Market,1m,Yes,Yes,"Chưa có sweep nên CET 44 phải đợi, chưa phải GBT chất lượng",,"Range LTF, Trending HTF, Trending MTF",June,HIGH,US100,,Sell,-1,1.41,NY1 20:00 – 22:15,"BAG LTF, CET 44",Price Action,05/06/2026 21:45 (GMT+7),For%20those%20who%20ever%20need/Notes/Performance/Untitled%2048c9-e4eb/image.png,Loss,GB Level
,Thurs,Market,1m,No,No,,,"Trending HTF, Trending LTF, Trending MTF",May,,XAU/USD,,Buy,-1,0,L4 19:24 – 21:12,FVA LTF,PA + VP,14/05/2026 19:39 (GMT+7),For%20those%20who%20ever%20need/Notes/Performance/Untitled%2097d9-b8cc/GC1!_2026-05-15_22-11-58_af34e.png,Loss,GB Level
,Fri,Market,"1m, 5m",Yes,Yes,,,"Countertrend HTF, Range LTF, Range MTF",June,HIGH,US100,,Buy,3.68,3.68,A6 12:50 – 14:00,"GBT 00, OB LTF, Sweep LTF",Price Action,05/06/2026 13:00 (GMT+7),For%20those%20who%20ever%20need/Notes/Performance/Untitled%20bc89-0ab4/image.png,Win,"GB Level, m15 FVG"
,Thurs,Market,1m,No,No,,,"Range HTF, Range LTF, Trending MTF",May,,XAU/USD,,Sell,-3,0.2,L4 19:24 – 21:12,"BAG LTF, OB LTF",PA + VP,14/05/2026 19:17 (GMT+7),For%20those%20who%20ever%20need/Notes/Performance/Untitled%20ce79-2122/GC1!_2026-05-15_22-22-55_d30dd.png,Loss,Over Bullish Block
,Fri,Market,1m,Yes,Yes,Tp lên vùng stop hunt vì còn ob của khu vực MB 729 mới là vùng trọng điểm,,"Range HTF, Range LTF, Range MTF",June,HIGH,US100,,Buy,3.68,3.68,A6 12:50 – 14:00,"GBT 00, GBT 53, OB LTF, Sweep LTF",Price Action,05/06/2026 12:59 (GMT+7),For%20those%20who%20ever%20need/Notes/Performance/Untitled%201129-5090/image.png,Win,GB Level
,Thurs,Market,1m,Yes,Yes,"Giá nếu rút râu ở STH thì nên chốt 1 phần, đó là dấu hiệu của QTk",,"Countertrend MTF, Range LTF, Trending HTF",May,,US100,,Buy,0,2.5,A6 12:50 – 14:00,"MB MTF, VAH",PA + VP,14/05/2026 12:24 (GMT+7),For%20those%20who%20ever%20need/Notes/Performance/Untitled%205829-0bc7/NQ1!_2026-05-14_18-15-15_91e78.png,BE,h1 swing
,Thurs,Market,1m,Yes,Yes,,,"Range HTF, Trending LTF, Trending MTF",June,NoThing,US100,,Sell,6.69,6.69,"L1 14:00 -> 15:48, L2 15:48 – 17:36","BAG MTF, CET 44, FVG LTF",Price Action,04/06/2026 15:44 (GMT+7),For%20those%20who%20ever%20need/Notes/Performance/Untitled%20d589-5932/image.png,Win,GB Level
,Wed,Market,"15m, 1h, 1m, 4h",Yes,Yes,,,"Countertrend MTF, Range LTF, Trending HTF, Trending MTF",May,,US100,,Buy,9.08,9.08,NY1 20:00 – 22:15,FVA MTF,Price Action,13/05/2026 20:00 (GMT+7),For%20those%20who%20ever%20need/Notes/Performance/Untitled%207759-0b0b/NQ1!_2026-05-15_21-59-28_7107e.png,Win,GB Level
,Thurs,Market,1m,Yes,Yes,Nếu mà CET 35 không phá đỉnh được thì GBT 41 sẽ tiếp diễn xu hướng chính,,"Countertrend LTF, Countertrend MTF, Range HTF",June,NoThing,US100,,Buy,-1,0,L1 14:00 -> 15:48,"CET 35, CISD LTF, OB LTF",Price Action,04/06/2026 15:40 (GMT+7),For%20those%20who%20ever%20need/Notes/Performance/Untitled%201d99-1cf3/image.png,Loss,GB Level
,Wed,Market,1m,No,Yes,PDA có Volume lớn thì cắt,8:50 - 9:10,"Countertrend LTF, Countertrend MTF, Trending HTF",May,,US100,,Buy,-1,1.61,L4 19:24 – 21:12,Phá cản LTF,Volume Profile,13/05/2026 19:51 (GMT+7),"For%20those%20who%20ever%20need/Notes/Performance/Untitled%20d059-365b/NQ1!_2026-05-14_18-09-41_9ff86.png, For%20those%20who%20ever%20need/Notes/Performance/Untitled%20d059-365b/NQ1!_2026-05-14_18-12-51_38b6c.png",Loss,"Over Bearish Block, SDTV"
,Wed,Market,"15m, 1m, 4h",Yes,Yes,nên chốt 1/2 ở PDA cũ hoặc 2R rồi dời BE,,"Range MTF, Trending HTF, Trending LTF",May,,US100,,Buy,0,9.2,A1 7h-8h10,"BAG LTF, IFVG MTF, Sweep HTF, Sweep MTF",Price Action,13/05/2026 7:41 (GMT+7),For%20those%20who%20ever%20need/Notes/Performance/Untitled%206c69-887c/NQ1!_2026-05-14_17-50-43_2be12.png,BE,"GB Level, HH/LL"
,Tues,Market,"1h, 1m",Yes,Yes,,,"Countertrend HTF, Trending LTF, Trending MTF",May,,US100,,Sell,4.38,4.38,NY1 20:00 – 22:15,"BAG LTF, FVA LTF, Sliver Bullet",Price Action,12/05/2026 21:45 (GMT+7),For%20those%20who%20ever%20need/Notes/Performance/Untitled%200bd9-6be3/NQ1!_2026-05-13_20-21-56_899e0.png,Win,H1 OB
,Mon,Market,1m,No,Yes,,4:03 - 4:30,"Range LTF, Range MTF, Trending HTF",May,,US100,,Buy,3.02,3.02,Pre Asian,"FVG MTF, Sweep LTF, Tôn trọng ITL",Price Action,11/05/2026 6:57 (GMT+7),For%20those%20who%20ever%20need/Notes/Performance/Untitled%20df79-c8bb/TradingView_Screenshot_1778464142454.jpg,Win,M1 volume over
,Fri,Market,1m,Yes,Yes,"ES đã đạt mục tiêu, entry clean",,"Trending HTF, Trending LTF, Trending MTF",May,,US100,,Buy,4.57,4.57,NY2 22:15 – 00:30,"SMT, Sweep LTF",Price Action,08/05/2026 22:19 (GMT+7),For%20those%20who%20ever%20need/Notes/Performance/Untitled%200279-8832/USTEC_2026-05-09_08-59-47_676c6.png,Win,"GB Level, HH/LL"
,Fri,Market,1m,No,No,,,"Range LTF, Trending HTF, Trending MTF",May,,US100,,Buy,2.52,2.52,NY1 20:00 – 22:15,"BAG LTF, OB LTF, Sweep LTF",Price Action,08/05/2026 21:42 (GMT+7),For%20those%20who%20ever%20need/Notes/Performance/Untitled%206e39-46b7/USTEC_2026-05-09_08-54-32_da042.png,Win,"GB Level, HH/LL"
,Fri,Limit,1m,Yes,Yes,,,"Trending HTF, Trending LTF, Trending MTF",May,,US100,,Buy,2.13,2.13,NY1 20:00 – 22:15,FVG LTF,Price Action,08/05/2026 21:13 (GMT+7),For%20those%20who%20ever%20need/Notes/Performance/Untitled%207459-2af4/USTEC_2026-05-09_08-51-22_bcb65.png,Win,"GB Level, HH/LL"
,Fri,Market,"15m, 1m",Yes,Yes,Entry ở OB vừa được tạo ra ở FVG để tối ưu entry,,"Range LTF, Trending HTF, Trending MTF",May,,US100,,Buy,2.32,2.32,L2 15:48 – 17:36,"FVG MTF, SMT, Sweep LTF",Price Action,08/05/2026 15:48 (GMT+7),For%20those%20who%20ever%20need/Notes/Performance/Untitled%2005b9-8268/USTEC_2026-05-08_17-41-16_7abb6.png,Win,m15 swing
,Fri,Market,"15m, 1m",Yes,Yes,nên đợi xác nhận bằng ở OB ở đoạn tôn trọng ITL,,"Range LTF, Trending HTF, Trending MTF",May,,US100,,Buy,4.42,4.42,L1 14:00 -> 15:48,"PB MTF, Sweep MTF, Tôn trọng ITL",Price Action,08/05/2026 14:29 (GMT+7),For%20those%20who%20ever%20need/Notes/Performance/Untitled%201849-2cbd/USTEC_2026-05-08_17-38-43_675d0.png,Win,m15 swing
,Fri,Market,"15m, 1m",Yes,Yes,"Khi có bất cứ PDA nào thì đợi cứ sweep để vào lệnh là quan trọng nhất, nên dù có PB là kháng cự rồi nhưng vẫn phải để sweep ở LTF",,"Range LTF, Trending HTF, Trending MTF",May,,US100,,Buy,-1,0.32,L1 14:00 -> 15:48,PB MTF,Price Action,08/05/2026 13:41 (GMT+7),For%20those%20who%20ever%20need/Notes/Performance/Untitled%20d3a9-b8a7/USTEC_2026-05-08_17-45-57_befe3.png,Loss,m15 ob
,Mon,Limit,1m,Yes,Yes,,,"Countertrend HTF, Countertrend LTF, Range MTF",May,,US100,,Sell,4.05,4.05,"L5 21:12 – 23:00, NY1 20:00 – 22:15","BPR LTF, Sweep LTF, Sweep MTF",PA + VP,04/05/2026 22:05 (GMT+7),For%20those%20who%20ever%20need/Notes/Performance/Untitled%205ac9-5904/USTEC_2026-05-07_19-58-49_c3e4b.png,Win,m1 swing
,Fri,Limit,"15m, 1h, 1m",Yes,Yes,,,"Countertrend HTF, Range LTF, Range MTF",May,,US100,,Sell,0.6,1.25,A3 09:20 – 10:30,"OB LTF, OB MTF, SMT",PA + VWAP + VP,08/05/2026 9:48 (GMT+7),For%20those%20who%20ever%20need/Notes/Performance/Untitled%20f2d9-5cf0/TradingView_Screenshot_1778212890794.jpg,Win,h1 swing
,Mon,Market,"15m, 1m",Yes,Yes,Với những Ob khung nhỏ ko hợp lưu thì nên đánh tỷ lệ RR = 2 vì có xác xuất đảo chiều hoặt qtk cao,,"Range MTF, Trending HTF, Trending LTF",May,,US100,,Buy,0.49,3.47,"L4 19:24 – 21:12, NY1 20:00 – 22:15",OB LTF,Price Action,04/05/2026 21:30 (GMT+7),For%20those%20who%20ever%20need/Notes/Performance/Untitled%20cf19-d395/USTEC_2026-05-07_19-58-49_c3e4b.png,Win,"GB Level, HH/LL"
,Fri,Market,"15m, 1m, m2",Yes,Yes,,,"Range MTF, Trending HTF, Trending LTF",May,,US100,,Buy,2.78,2.78,A1 7h-8h10,"FVG LTF, IFVG MTF",Price Action,08/05/2026 7:21 (GMT+7),For%20those%20who%20ever%20need/Notes/Performance/Untitled%20cd39-a753/TradingView_Screenshot_1778202866345.jpg,Win,m15 swing
,Fri,Market,"15m, 1m, 5m",Yes,No,Sai lầm lớn nhất là không tôn trọng GB khi fvg tôn trọng rất rõ,,"Range LTF, Range MTF",May,,US100,,Buy,-2,2.61,L2 15:48 – 17:36,,Price Action,01/05/2026,For%20those%20who%20ever%20need/Notes/Performance/Untitled%204709-1f1f/USTEC_2026-05-02_18-13-12_7fd57.png,Loss,HH/LL
,Fri,Limit,"15m, 1m",Yes,No,,,"Countertrend HTF, Countertrend LTF, Range MTF",May,,US100,,Sell,-1,0,A1 7h-8h10,"FVG MTF, Sweep MTF",Price Action,08/05/2026 7:00 (GMT+7),For%20those%20who%20ever%20need/Notes/Performance/Untitled%206869-6eca/TradingView_Screenshot_1778199944507.jpg,Loss,m15 swing
,Fri,Limit,1m,Yes,Yes,đã tôn trọng ITL nên phải đợi xem có tôn trọng ITH để entry hay không. Cần phải thấy IFVG,,"Countertrend HTF, Range LTF, Range MTF",May,,US100,,Sell,-1,0,NY1 20:00 – 22:15,"OB LTF, Sweep LTF",Price Action,01/05/2026,For%20those%20who%20ever%20need/Notes/Performance/Untitled%207529-5d31/USTEC_2026-05-02_18-10-52_5bbcc.png,Loss,m15 ob
,Thurs,Market,1m,Yes,Yes,,,"Range LTF, Range MTF, Trending HTF",May,,US100,,Buy,2,2,"L4 19:24 – 21:12, NY1 20:00 – 22:15","IFVG LTF, Sweep LTF, iBreaker LTF",Price Action,07/05/2026 20:52 (GMT+7),For%20those%20who%20ever%20need/Notes/Performance/Untitled%2019e9-b233/USTEC_2026-05-07_21-13-42_03afc.png,Win,h1 swing
,Fri,Market,1m,Yes,Yes,Phải đợi phá qua vùng OB của GB,4:03 - 4:30,"Countertrend HTF, Countertrend MTF, Range LTF",May,,US100,,Buy,-1,0.3,NY1 20:00 – 22:15,PB LTF,Price Action,01/05/2026,For%20those%20who%20ever%20need/Notes/Performance/Untitled%20e679-11b4/USTEC_2026-05-02_17-59-07_f889c.png,Loss,HH/LL
,Thurs,Market,1m,Yes,Yes,,9:50 - 10:10,"Trending HTF, Trending LTF, Trending MTF",May,,US100,,Buy,5.82,5.82,NY1 20:00 – 22:15,Tôn trọng ITL,Price Action,07/05/2026 20:00 (GMT+7),For%20those%20who%20ever%20need/Notes/Performance/Untitled%20ab29-16d9/NQ1!_2026-05-15_21-56-36_03c3a.png,Win,GB Level
,Fri,Market,1m,Yes,Yes,Đối với nq thì GB phải là 243,4:03 - 4:30,"Countertrend HTF, Countertrend MTF, Trending LTF",May,,US100,,Sell,-1,3.2,NY1 20:00 – 22:15,OB LTF,Price Action,01/05/2026,For%20those%20who%20ever%20need/Notes/Performance/Untitled%20d229-6f6a/USTEC_2026-05-02_17-57-33_1f892.png,Loss,"Death Mark, GB Level"
,Fri,Market,1m,Yes,No,,,"Range MTF, Trending HTF, Trending LTF",May,,US100,,Buy,4.46,4.46,NY2 22:15 – 00:30,"FVA LTF, IFVG LTF, Sweep LTF, VAH",Volume Profile,07/05/2026 20:00 (GMT+7),For%20those%20who%20ever%20need/Notes/Performance/Untitled%20fd49-e821/NQ1!_2026-05-15_21-45-26_108b0.png,Win,"Over Bearish Block, SDTV"
,Fri,Market,1m,No,No,,,"Countertrend HTF, Trending LTF, Trending MTF",May,,US100,,Sell,1.44,1.44,L2 15:48 – 17:36,"Sliver Bullet, Tôn trọng ITH",Price Action,01/05/2026,For%20those%20who%20ever%20need/Notes/Performance/Untitled%207f69-22c1/NQ1!_2026-05-01_16-06-15_04f97.png,Win,m1 swing
,Fri,Market,1m,No,No,,,"Countertrend MTF, Range LTF, Trending HTF",May,,US100,,Buy,-1,0,A4 10:30 – 11:40,"BPR LTF, OB LTF, Sweep LTF",Price Action,07/05/2026 20:00 (GMT+7),For%20those%20who%20ever%20need/Notes/Performance/Untitled%204519-bfc9/NQ1!_2026-05-15_21-41-04_70f03.png,Loss,m15 ob
,Thurs,Market,"15m, 1m",No,No,,,"Range HTF, Trending LTF, Trending MTF",April,,US100,,Sell,3.47,3.47,A4 10:30 – 11:40,"BAG LTF, BAG MTF",Price Action,30/04/2026,For%20those%20who%20ever%20need/Notes/Performance/Untitled%201f79-51b3/USTEC_2026-04-30_16-27-56_0fb44.png,Win,Death Mark
,Mon,Market,1m,Yes,No,,,"Range HTF, Range LTF, Trending MTF",Jan,,US100,,Buy,4.94,4.94,NY2 22:15 – 00:30,"FVA LTF, Sweep LTF, Sweep MTF",Price Action,07/05/2026 20:00 (GMT+7),For%20those%20who%20ever%20need/Notes/Performance/Untitled%20eb69-c7e4/NQ1!_2026-05-10_17-14-40_484f8.png,Win,h1 swing
,Wed,Limit,1m,No,No,Đoạn này đã xuất hiện Po3 nên nếu có counter thì hãy tp vừa phải thôi,4:03 - 4:30,"Countertrend HTF, Range LTF, Range MTF",April,,US100,,Sell,-0.4,3.31,NY1 20:00 – 22:15,BPR LTF,Price Action,29/04/2026,For%20those%20who%20ever%20need/Notes/Performance/Untitled%2021e9-44b4/USTEC_2026-04-30_16-34-49_78ad0.png,Loss,Death Mark
,Fri,Market,1m,Yes,No,GB đang chuyển qua range khác nên cần đợi quét tk ở ob gần nhất,,"Trending HTF, Trending LTF, Trending MTF",May,,US100,,Buy,-1,0,NY2 22:15 – 00:30,"OB LTF, SMT",Price Action,07/05/2026 20:00 (GMT+7),For%20those%20who%20ever%20need/Notes/Performance/Untitled%204cb9-221a/USTEC_2026-05-09_09-01-19_61ab4.png,Loss,"GB Level, HH/LL"
,Wed,Market,"1h, 1m",No,No,Đây vốn là PO3 nên hãy tự tin mà TP lên đỉnh gần nhất sau khi đã qtk,,"Countertrend LTF, Market Open, Range MTF, Trending HTF",April,,US100,,Buy,2.84,2.84,NY1 20:00 – 22:15,FVG MTF,Price Action,29/04/2026,For%20those%20who%20ever%20need/Notes/Performance/Untitled%20bd89-2210/USTEC_2026-04-30_16-31-57_41980.png,Win,m1 VI
,Thurs,Market,"1m, 5m",Yes,Yes,,,"Range MTF, Trending HTF, Trending LTF",May,,US100,,Buy,2,2,L3  17:36 – 19:24,"BAG LTF, OB LTF",Price Action,07/05/2026 19:30 (GMT+7),For%20those%20who%20ever%20need/Notes/Performance/Untitled%204059-0fc9/USTEC_2026-05-07_21-11-46_b8087.png,Win,m5 fvg
,Tues,Market,"1h, 1m",No,No,,4:03 - 4:30,"Countertrend HTF, Countertrend LTF, Trending MTF",April,,US100,,Sell,3.58,3.58,NY1 20:00 – 22:15,"FVG MTF, SMT, Sweep LTF",Price Action,28/04/2026,For%20those%20who%20ever%20need/Notes/Performance/Untitled%2097c9-d372/TradingView_Screenshot_1777423003970.jpg,Win,h1 swing
,Thurs,Limit,1m,Yes,No,,,"Countertrend HTF, Trending LTF, Trending MTF",May,,US100,,Sell,-1,2,L3  17:36 – 19:24,"FVG LTF, Sweep LTF",Price Action,07/05/2026 18:24 (GMT+7),For%20those%20who%20ever%20need/Notes/Performance/Untitled%20c669-ccaa/USTEC_2026-05-07_19-30-50_52dc9.png,Loss,"m1 swing, m15 swing"
,Tues,Market,1h,No,No,Liquidity dưới còn nhiều thì có thể đặt tp để lấy hết thanh khoản,,"Countertrend HTF, Countertrend MTF, Trending LTF",April,,US500,,Sell,3.26,3.26,A2 08:10 – 09:20,IFVG MTF,Price Action,28/04/2026,For%20those%20who%20ever%20need/Notes/Performance/Untitled%20d4a9-79e9/ES1!_2026-04-28_19-40-31_96a8e.png,Win,h1 swing
,Thurs,Market,1m,Yes,No,"Entry vội, nên đợi về FVG để entry",,"Countertrend HTF, Trending LTF, Trending MTF",May,,US100,,Sell,-1,0.8,L3  17:36 – 19:24,Implied FVG LTF,Price Action,07/05/2026 18:14 (GMT+7),For%20those%20who%20ever%20need/Notes/Performance/Untitled%205089-9dd7/USTEC_2026-05-07_19-25-14_7a631.png,Loss,m15 swing
,Tues,Market,1m,No,No,để giá trên ITL tránh bị quét,,"Premarket, Range MTF, Trending HTF, Trending MTF",April,,XAU/USD,,Sell,-1,0.73,L3  17:36 – 19:24,"CISD LTF, Sweep LTF",Price Action,28/04/2026,For%20those%20who%20ever%20need/Notes/Performance/Untitled%2037f9-a022/XAUUSD_2026-04-28_19-38-56_c3095.png,Loss,m1 swing
,Thurs,Market,"15m, 1m",Yes,No,"Tốt nhất hãy đợi 1 cú sweep rồi hẳn entry, theo dòng flow thì vào ở flow thứ 2 là an toàn, còn từ 2 trở lên thì bắt buộc đờij sweep",,"Countertrend MTF, Trending HTF, Trending LTF",May,,US100,,Buy,-1,0.44,L3  17:36 – 19:24,"IFVG MTF, OB LTF",Price Action,07/05/2026 17:45 (GMT+7),"For%20those%20who%20ever%20need/Notes/Performance/Untitled%20bdb9-c395/USTEC_2026-05-07_19-21-48_e7988.png, For%20those%20who%20ever%20need/Notes/Performance/Untitled%20bdb9-c395/USTEC_2026-05-07_19-21-27_9583d.png",Loss,h1 swing
,Tues,Market,1m,No,No,Đặt TP tốt nhất là để 50% của GB Levels,,"Premarket, Trending HTF, Trending LTF, Trending MTF",April,,XAU/USD,,Sell,3.36,3.36,L3  17:36 – 19:24,"CISD LTF, Sweep LTF",Price Action,28/04/2026,For%20those%20who%20ever%20need/Notes/Performance/Untitled%20f889-6693/XAUUSD_2026-04-28_19-33-30_1bca5.png,Win,m1 swing
,Tues,Market,1m,No,No,Momentum yếu nên để ý ở đoạn OB đang thuận xu hướng,,"Countertrend HTF, Countertrend MTF, Range LTF",May,,US100,,Sell,-1,2,NY1 20:00 – 22:15,"IFVG LTF, Tôn trọng ITH",Price Action,07/05/2026,For%20those%20who%20ever%20need/Notes/Performance/Untitled%20c209-4f70/USTEC_2026-05-07_19-12-09_c7802.png,Loss,m1 swing
,Fri,Market,"15m, 1m, 4h",No,No,"sai bias, premarket",,"Countertrend HTF, Premarket, Range MTF, Trending LTF",April,,US100,,Sell,0,2.34,NY1 20:00 – 22:15,"BAG LTF, OB LTF",Price Action,24/04/2026,For%20those%20who%20ever%20need/Notes/Performance/Untitled%20b689-dec2/USTEC_2026-04-24_23-29-06_4afd3.png,BE,CE ORG
,Wed,Market,1m,Yes,No,"Đã có sự tôn trọng với ITL, mục tiêu là ITH",2:33 - 3:00,"Countertrend HTF, Range LTF, Range MTF",May,,US100,,Sell,-1,0,NY2 22:15 – 00:30,OB LTF,Price Action,07/05/2026,For%20those%20who%20ever%20need/Notes/Performance/Untitled%20d7b9-12d7/TradingView_Screenshot_1778127579364.jpg,Loss,m15 swing
,Fri,Market,1m,No,No,,,"Range MTF, Trending HTF, Trending LTF",April,,US100,,Buy,6.6,6.6,NY2 22:15 – 00:30,BAG MTF,Price Action,24/04/2026,For%20those%20who%20ever%20need/Notes/Performance/Untitled%203419-25d4/USTEC_2026-04-24_23-18-02_b945a.png,Win,m15 swing
,Wed,Market,1m,Yes,No,"Vẫn còn PB LTF làm kháng cự chính nên vẫn phải hold, kèo này dời BE quá sớm",,"Range MTF, Trending HTF, Trending LTF",May,,US100,,Buy,1.2,9.13,NY2 22:15 – 00:30,"FVA LTF, PB LTF",Price Action,07/05/2026,For%20those%20who%20ever%20need/Notes/Performance/Untitled%20cad9-405e/TradingView_Screenshot_1778127266199.jpg,Win,"BPR m15, BPR m30, H1 OB"
,Fri,Market,1m,No,No,lệnh này đánh bạc,,"Countertrend HTF, Countertrend LTF, Range MTF",April,,US100,,Sell,-0.9,0,NY1 20:00 – 22:15,,Price Action,24/04/2026,For%20those%20who%20ever%20need/Notes/Performance/Untitled%20a759-2200/USTEC_2026-04-24_23-23-29_3243f.png,Loss,CE ORG
,Thurs,Limit,"15m, 1m",Yes,No,,,"Countertrend HTF, Range MTF, Trending LTF",May,,US100,,Sell,-1,0,A1 7h-8h10,"IFVG MTF, MSS LTF",Price Action,07/05/2026,For%20those%20who%20ever%20need/Notes/Performance/Untitled%20a4c9-0d7d/TradingView_Screenshot_1778126315522.jpg,Loss,m15 ob
,Fri,Market,1m,No,No,xác định sai bias,,"Countertrend HTF, Range LTF, Range MTF",April,,US100,,Sell,1.6,4.41,NY1 20:00 – 22:15,Sweep LTF,Price Action,24/04/2026,For%20those%20who%20ever%20need/Notes/Performance/Untitled%204489-75f9/USTEC_2026-04-24_23-26-06_afdfb.png,Win,CE ORG
,Thurs,Limit,"15m, 1m",Yes,No,,,"Countertrend LTF, Countertrend MTF, Trending HTF",May,,US100,,Buy,2.01,2.01,A1 7h-8h10,"OB MTF, Sweep LTF",Price Action,07/05/2026,For%20those%20who%20ever%20need/Notes/Performance/Untitled%206d79-2425/TradingView_Screenshot_1778119343028.jpg,Win,m15 swing
,Fri,Market,1m,No,No,"vội, đợi giá về OB quan trọng rồi entry",,"Range MTF, Trending HTF, Trending LTF",April,,US100,,Buy,-1,0.6,L1 14:00 -> 15:48,"BPR LTF, OB LTF",Price Action,24/04/2026,For%20those%20who%20ever%20need/Notes/Performance/Untitled%20dc59-3ce2/USTEC_2026-04-24_23-31-18_cf681.png,Loss,m15 swing
,Thurs,Market,1m,Yes,No,,4:03 - 4:30,"Countertrend MTF, Pre Asian, Range LTF, Trending HTF",May,,US100,,Buy,1.36,1.36,Pre Asian,"IFVG LTF, OB LTF",Price Action,07/05/2026,For%20those%20who%20ever%20need/Notes/Performance/Untitled%20b3a9-f592/TradingView_Screenshot_1778119101611.jpg,Win,m1 swing
,Fri,Market,1m,No,No,"đó là BAG, fake gap",,"Range LTF, Range MTF, Trending HTF",April,,US100,,Buy,-1,0,L1 14:00 -> 15:48,BAG LTF,Price Action,24/04/2026,For%20those%20who%20ever%20need/Notes/Performance/Untitled%2022f9-598e/USTEC_2026-04-24_23-35-34_6c901.png,Loss,m15 swing
,Thurs,Market,"15m, 1m",Yes,No,,4:03 - 4:30,"Range MTF, Trending HTF, Trending LTF",May,,US100,,Buy,2.08,2.08,L1 14:00 -> 15:48,"FVA MTF, PB MTF",Price Action,07/05/2026,For%20those%20who%20ever%20need/Notes/Performance/Untitled%203909-f015/USTEC_2026-05-07_19-15-29_6a972.png,Win,h1 swing
,Fri,Market,1m,No,No,cũng là fake gap,,"Countertrend LTF, Range MTF, Trending HTF",April,,US100,,Buy,-1,4.49,L1 14:00 -> 15:48,"BAG LTF, Quét DM LTF",Price Action,24/04/2026,For%20those%20who%20ever%20need/Notes/Performance/Untitled%209c99-c07a/USTEC_2026-04-24_23-37-23_81cc3.png,Loss,m15 swing
,Wed,Market,1m,Yes,No,,,"Countertrend HTF, Countertrend MTF, Range LTF",May,,US100,,Sell,10,12.56,A1 7h-8h10,"CISD LTF, OB LTF",Price Action,06/05/2026,For%20those%20who%20ever%20need/Notes/Performance/Untitled%2019f9-0074/NQ1!_2026-05-06_19-18-24_9de75.png,Win,ORG
,Thurs,Market,"15m, 1m",No,No,Kiên nhẫn hơn,,"Countertrend HTF, Range MTF, Trending LTF",April,,XAU/USD,,Buy,-1,1.83,NY1 20:00 – 22:15,OB LTF,Price Action,23/04/2026,For%20those%20who%20ever%20need/Notes/Performance/Untitled%20bf19-df5a/XAUUSD_2026-04-23_22-35-46_7df45.png,Loss,h1 swing
,Tues,Market,1m,No,No,"Chú ý những đoạn Implied FVG, nó là tiền đề của Fake Order Flow",,"Countertrend HTF, Range LTF, Range MTF",May,,US100,,Sell,-1,0,L3  17:36 – 19:24,"BAG LTF, FVA LTF",Price Action,05/05/2026 19:04 (GMT+7),For%20those%20who%20ever%20need/Notes/Performance/Untitled%20afe9-a78b/USTEC_2026-05-07_19-52-01_b6663.png,Loss,m15 swing
,Thurs,Market,1m,No,No,Chưa sweep high quan trọng thì tức market vẫn chưa đạt được mục tiêu,,"Countertrend HTF, Range LTF, Range MTF",April,,US500,,Sell,-1,1.06,NY1 20:00 – 22:15,"FVG LTF, Sweep LTF",Price Action,23/04/2026,For%20those%20who%20ever%20need/Notes/Performance/Untitled%206209-4004/ES1!_2026-04-23_22-33-27_ac6fa.png,Loss,h4 swing
,Tues,Market,1m,Yes,No,"không nên dời SL dương, chỉ nên dời BE",,"Range LTF, Range MTF, Trending HTF",May,,US100,,Buy,2.05,2.05,L3  17:36 – 19:24,"FVG LTF, Sweep LTF, iBreaker MTF",Price Action,05/05/2026 18:26 (GMT+7),For%20those%20who%20ever%20need/Notes/Performance/Untitled%2045a9-f930/USTEC_2026-05-07_19-35-30_77daf.png,Win,m15 swing
,Thurs,Market,1m,No,No,pre market + momentum yếu thì ko nên trade ngay,,"Countertrend LTF, Range MTF, Trending HTF",April,,US100,,Buy,-1,1.38,NY1 20:00 – 22:15,OB LTF,Price Action,23/04/2026,For%20those%20who%20ever%20need/Notes/Performance/Untitled%20edf9-c609/NQ1!_2026-04-23_22-32-34_5aa05.png,Loss,m15 swing
,Tues,Market,1m,No,No,Sell ngay đoạn iBreaker Block,,"Countertrend HTF, Range MTF, Trending LTF",May,,US100,,Sell,-1,0,L3  17:36 – 19:24,BAG LTF,Price Action,05/05/2026 18:20 (GMT+7),For%20those%20who%20ever%20need/Notes/Performance/Untitled%200bf9-8aae/USTEC_2026-05-07_19-45-36_a54f2.png,Loss,m15 swing
,Thurs,Market,"15m, 1m",No,No,,,"Range LTF, Range MTF, Trending HTF",April,,US100,,Buy,2.09,2.09,NY1 20:00 – 22:15,"CISD LTF, FVG LTF",Price Action,23/04/2026,For%20those%20who%20ever%20need/Notes/Performance/Untitled%208ca9-1342/NQ1!_2026-04-23_22-29-51_2ef23.png,Win,m15 swing
,Tues,Market,1m,Yes,No,Đặt SL dưới ITL,,"Range MTF, Trending HTF, Trending MTF",May,,US100,,Buy,2.09,2.09,L3  17:36 – 19:24,"OB LTF, Sweep LTF",Price Action,05/05/2026 16:21 (GMT+7),For%20those%20who%20ever%20need/Notes/Performance/Untitled%201f59-181c/USTEC_2026-05-07_19-38-33_a3da9.png,Win,m1 OB
,Wed,Market,"15m, 1m",No,No,"Đặt TP ở vùng High của GB, đừng đặt ở Exit",,"Range LTF, Trending HTF, Trending MTF",April,,US100,,Buy,0.5,4.28,NY2 22:15 – 00:30,FVG MTF,Price Action,22/04/2026,For%20those%20who%20ever%20need/Notes/Performance/Untitled%2011f9-dc40/USTEC_2026-04-23_22-41-47_d65df.png,Win,GB Level
,Tues,Market,1m,Yes,No,"Đặt SL sai, trong range điều quan trọng nhất là qtk và Ob của đoạn quét",,"Range LTF, Range MTF, Trending HTF",May,,US100,,Buy,-1,0.69,L2 15:48 – 17:36,"OB LTF, Sweep LTF",Price Action,05/05/2026 16:10 (GMT+7),For%20those%20who%20ever%20need/Notes/Performance/Untitled%20a249-e155/USTEC_2026-05-07_19-44-02_963dc.png,Loss,"HH/LL, h1 swing"
,Wed,Market,1m,No,No,,,"Range LTF, Range MTF, Trending HTF",April,,US100,,Buy,0.33,4.54,NY1 20:00 – 22:15,"SMT, Sweep LTF",Price Action,22/04/2026,For%20those%20who%20ever%20need/Notes/Performance/Untitled%208f79-da52/NQ1!_2026-04-22_20-56-05_4d1f2.png,Win,m1 swing
,Wed,Market,1m,No,No,Đợi quét hẳn ở Market Open r entry,,"Range LTF, Range MTF, Trending HTF",April,,US100,,Buy,-0.86,-0.86,NY1 20:00 – 22:15,"Market Open, OB LTF",Price Action,22/04/2026,For%20those%20who%20ever%20need/Notes/Performance/Untitled%20d5c9-d1cc/NQ1!_2026-04-22_20-54-06_9883c.png,Loss,"h4 fvg, m1 swing"
,Wed,Market,"15m, 1m",No,No,khi đoạn thanh khoản quan trọng nhất chưa bị lấy trong khi ở dưới đã hoàn thành thì nó sẽ lên đoạn quan trọng nhất,,"Countertrend LTF, Range MTF, Trending MTF",April,,US100,,Buy,4.59,4.59,L2 15:48 – 17:36,"1st fvg, CISD LTF",Price Action,22/04/2026,For%20those%20who%20ever%20need/Notes/Performance/Untitled%20d4f9-c76d/USTEC_2026-04-22_19-04-30_9042d.png,Win,m15 ob
,Mon,Market,"1D, 1h, 4h",No,No,"Đã chạm BPR h4, đây là lúc phải cẩn trọng",,"Countertrend MTF, Trending HTF, Trending LTF",April,,EUR/USD,,Sell,-1,1.61,NY1 20:00 – 22:15,OB HTF,Price Action,21/04/2026,For%20those%20who%20ever%20need/Notes/Performance/Untitled%20c789-98ee/USTEC_2026-04-22_19-18-19_1be8c.png,Loss,h4 swing
,Tues,Market,"15m, 1m, 5m",No,No,phải chốt từ lúc giá chạm mức exit của GB,,"Range LTF, Range MTF, Trending HTF",April,,US100,,Buy,-1,-1,L1 14:00 -> 15:48,"FVG LTF, OB LTF",Price Action,21/04/2026,For%20those%20who%20ever%20need/Notes/Performance/Untitled%202479-f556/USTEC_2026-04-22_19-16-47_2d6e3.png,Loss,m15 swing
,Wed,Market,"15m, 1m",No,No,khi build đoạn thanh khoản ko rõ ràng và smt trên đỉnh thì nên sell thẳng tới đoạn thanh khoản quan trọng nhất,,"Countertrend HTF, Range LTF, Range MTF",April,,US100,,Sell,5.03,5.03,NY1 20:00 – 22:15,"CISD LTF, FVG LTF, Quét DM LTF",Price Action,21/04/2026,For%20those%20who%20ever%20need/Notes/Performance/Untitled%204279-02e9/USTEC_2026-04-22_19-07-23_2feff.png,Win,m15 ob
,Tues,Market,"15m, 1m, 5m",No,No,khi build đoạn thanh khoản ko rõ ràng và smt trên đỉnh thì nên sell thẳng tới đoạn thanh khoản quan trọng nhất,,"Countertrend HTF, Range LTF, Range MTF",April,,US500,,Sell,6.28,6.28,NY1 20:00 – 22:15,"BB LTF, FVG LTF, SMT",Price Action,21/04/2026,For%20those%20who%20ever%20need/Notes/Performance/Untitled%20b8b9-6e16/US500_2026-04-22_19-01-51_e01a3.png,Win,m5 ob
,Tues,Market,1m,No,No,Thanh khoản dưới còn nhiều nên vào,,"Countertrend HTF, Range MTF, Trending LTF",April,,US100,,Sell,2.01,2.01,NY1 20:00 – 22:15,Market Open,Price Action,21/04/2026,For%20those%20who%20ever%20need/Notes/Performance/Untitled%20cdc9-b47d/USTEC_2026-04-22_19-18-19_1be8c.png,Win,HH/LL
,Mon,Market,"1D, 1h, 4h",No,No,Tổng 2 kèo,,"Countertrend LTF, Countertrend MTF, Trending HTF",April,,GBP/JPY,,Buy,1.9,1.9,A1 7h-8h10,NDOG Reclaim,Price Action,20/04/2026,,Win,h4 swing
,Mon,Market,"1m, 4h",No,No,,,"Countertrend HTF, Range MTF, Trending LTF",April,,US100,,Sell,7.1,7.1,NY1 20:00 – 22:15,FVG LTF,Price Action,20/04/2026,For%20those%20who%20ever%20need/Notes/Performance/Untitled%200b39-39ef/USTEC_2026-04-22_19-10-26_4b85c.png,Win,h4 open
10,Tues,Market,"15m, 1m",No,No,,,"Countertrend LTF, Range HTF, Trending MTF",March,,XAU/USD,,Buy,3.21,3.21,L1 14:00 -> 15:48,"BPR LTF, Sweep MTF",Price Action,31/03/2026,For%20those%20who%20ever%20need/Notes/Performance/10/TradingView_Screenshot_1774948443927.jpg,Win,m15 ob
,Fri,Market,1m,No,No,Lệnh đánh bừa bãi,,"Trending HTF, Trending LTF, Trending MTF",April,,US100,,Buy,-1,-1,NY1 20:00 – 22:15,,Price Action,17/04/2026,For%20those%20who%20ever%20need/Notes/Performance/Untitled%20b459-5824/NQ1!_2026-04-17_23-27-52_86ab5.png,Loss,Week High
9,Tues,Market,1m,No,No,Đọi xác nhận phá fvg,,"Countertrend LTF, Range HTF, Trending MTF",March,,XAU/USD,,Buy,-1,-1,A3 09:20 – 10:30,BB MTF,Price Action,31/03/2026,For%20those%20who%20ever%20need/Notes/Performance/9/TradingView_Screenshot_1774948340949.jpg,Loss,m15 ob
,Fri,Market,1m,No,No,Lệnh ko có setup,,"Trending HTF, Trending LTF, Trending MTF",April,,US100,,Buy,-1,-1,NY1 20:00 – 22:15,,Price Action,17/04/2026,For%20those%20who%20ever%20need/Notes/Performance/Untitled%208739-4249/NQ1!_2026-04-17_23-27-52_86ab5.png,Loss,Week High
8,Tues,Market,"1m, 3m",No,No,,,"Countertrend MTF, Range HTF, Trending LTF",March,,XAU/USD,,Sell,5.04,5.04,A2 08:10 – 09:20,"BB LTF, FVG LTF, MSS LTF",Price Action,31/03/2026,For%20those%20who%20ever%20need/Notes/Performance/8/TradingView_Screenshot_1774946388256.jpg,Win,Breaker m15
,Fri,Market,1m,No,No,Cần đợi xác nhận bằng CISD,,"Trending HTF, Trending LTF, Trending MTF",April,,US100,,Buy,4.53,4.53,NY1 20:00 – 22:15,OB LTF,Price Action,17/04/2026,"For%20those%20who%20ever%20need/Notes/Performance/Untitled%205559-73f8/NQ1!_2026-04-17_23-19-24_59b19.png, For%20those%20who%20ever%20need/Notes/Performance/Untitled%205559-73f8/NQ1!_2026-04-17_23-25-35_822bf.png",Win,Week High
7,Tues,Market,1m,No,No,,,"Countertrend LTF, Countertrend MTF, Range HTF",March,,XAU/USD,,Sell,2.92,2.92,A2 08:10 – 09:20,BPR LTF,Price Action,31/03/2026,For%20those%20who%20ever%20need/Notes/Performance/7/TradingView_Screenshot_1774946204437.jpg,Win,Breaker m15
,Thurs,Market,1m,No,No,OB của Keylevel thì nên đứng ngoài chứ không hold lệnh. Đóng IFVF thì cắt,,"Countertrend HTF, Trending LTF, Trending MTF",April,,US100,,Sell,-1.5,0.79,NY1 20:00 – 22:15,"CISD LTF, OB LTF",Price Action,16/04/2026,For%20those%20who%20ever%20need/Notes/Performance/Untitled%20fd89-03dd/NQ1!_2026-04-16_21-47-39_67026.png,Loss,h4 ob
6,Thurs,Market,"15m, 1m",No,No,Sideway và phía dưới không có kháng cự mạnh nên lúc này phải tp,2:33 - 3:00,"Countertrend HTF, Countertrend LTF, Countertrend MTF",March,,US100,,Buy,0,1.66,NY1 20:00 – 22:15,"SMT, Sweep LTF",Price Action,26/03/2026,For%20those%20who%20ever%20need/Notes/Performance/6/USTEC_2026-03-26_22-23-43_79a0d.png,BE,Asian H
32,Tues,Market,"15m, 1m",No,No,,,"Countertrend LTF, Trending HTF, Trending MTF",April,,US100,,Buy,3.27,3.27,L1 14:00 -> 15:48,"BPR LTF, Sweep LTF",Price Action,14/04/2026,For%20those%20who%20ever%20need/Notes/Performance/32/USTEC_2026-04-14_21-48-12_26ad4.png,Win,HH/LL
5,Thurs,Limit,"15m, 1m",No,No,Đầu phiên cần đợi xác nhận,2:33 - 3:00,"Countertrend HTF, Countertrend LTF, Countertrend MTF",March,,US100,,Buy,-1,0.36,NY1 20:00 – 22:15,"SMT, Sweep LTF",Price Action,26/03/2026,For%20those%20who%20ever%20need/Notes/Performance/5/USTEC_2026-03-26_22-23-53_c254d.png,Loss,Asian H
30,Tues,Market,"15m, 1m",No,No,,4:03 - 4:30,"Trending HTF, Trending LTF, Trending MTF",April,,US100,,Buy,3.63,3.63,NY1 20:00 – 22:15,"IFVG LTF, Sweep LTF",Price Action,14/04/2026,For%20those%20who%20ever%20need/Notes/Performance/30/USTEC_2026-04-14_21-47-29_19e5c.png,Win,HH/LL
4,Wed,Market,1m,No,No,"Nên tp ở Ob, đặc trưng của vàng",2:33 - 3:00,"Range HTF, Range LTF, Range MTF",March,,XAU/USD,,Sell,0.83,-1,NY1 20:00 – 22:15,"Phá LRLR, SMT",Price Action,25/03/2026 20:48 (GMT+7),For%20those%20who%20ever%20need/Notes/Performance/4/TradingView_Screenshot_1774488377485.jpg,Win,m15 swing
33,Mon,Market,"15m, 1h, 4h",No,No,,4:03 - 4:30,"Range LTF, Range MTF, Trending HTF",April,,GBP/JPY,,Buy,4.3,4.3,A6 12:50 – 14:00,"FVG MTF, Sweep LTF",Price Action,13/04/2026,For%20those%20who%20ever%20need/Notes/Performance/33/GBPJPY_2026-04-14_21-51-34_d3a6a.png,Win,h4 swing
3,Wed,Market,"15m, 1m",No,No,,2:33 - 3:00,"Countertrend LTF, Range HTF, Range MTF",March,,GBP/USD,,Sell,2.34,2.34,L2 15:48 – 17:36,"MSS LTF, OB LTF, OB MTF",Price Action,25/03/2026 15:50 (GMT+7),For%20those%20who%20ever%20need/Notes/Performance/3/GBPUSD_2026-03-25_20-31-16_8a4d1.png,Win,m15 ob
29,Tues,Market,"15m, 1m",No,No,FVG hay BAG khi chưa làm được nhiệm vụ lấy thanh khoản thì giá sẽ ko ngừng lại,2:33 - 3:00,"Countertrend HTF, Trending LTF, Trending MTF",April,,US100,,Sell,2.69,2.69,NY1 20:00 – 22:15,"CISD LTF, FVG MTF, Sweep LTF",Price Action,07/04/2026,For%20those%20who%20ever%20need/Notes/Performance/29/USTEC_2026-04-07_22-07-57_66bd2.png,Win,m15 swing
1,Mon,Market,"15m, 1m",No,No,,2:33 - 3:00,"Countertrend HTF, Countertrend LTF, Countertrend MTF",March,,XAU/USD,,Buy,-1,1.36,A3 09:20 – 10:30,"IFVG LTF, OB MTF",Price Action,23/03/2026 10:12 (GMT+7),For%20those%20who%20ever%20need/Notes/Performance/1/XAUUSD_2026-03-23_10-14-49_9ec01.png,Loss,m15 swing
28,Tues,Market,"15m, 5m",No,No,,,"Range LTF, Range MTF, Trending HTF",April,,GBP/JPY,,Buy,2.38,2.38,A6 12:50 – 14:00,"FVG LTF, Sweep LTF",Price Action,07/04/2026,For%20those%20who%20ever%20need/Notes/Performance/28/GBPJPY_2026-04-07_21-55-48_c40a8.png,Win,m15 ob
2,Mon,Market,1m,No,No,Ăn sl hòa r đến tp. Thị trường đang ở giữa đồng ko mông quạnh,2:33 - 3:00,"Trending HTF, Trending LTF, Trending MTF",March,,XAU/USD,,Sell,0,2.06,L1 14:00 -> 15:48,BB LTF,Price Action,23/03/2026 10:00 (GMT+7),For%20those%20who%20ever%20need/Notes/Performance/2/XAUUSD_2026-03-23_14-17-57_17846.png,BE,HH/LL
27,Tues,Market,"15m, 5m",No,No,,,"Range MTF, Trending HTF, Trending LTF",April,,GBP/USD,,Buy,2.21,2.21,A6 12:50 – 14:00,"BB MTF, OB MTF, Sweep MTF",Price Action,07/04/2026,For%20those%20who%20ever%20need/Notes/Performance/27/GBPUSD_2026-04-07_21-51-44_836bb.png,Win,m15 swing
,Fri,Market,1m,Yes,Yes,,,"Countertrend HTF, Range LTF, Range MTF",Feb,,Ger40,,Buy,-1,0,L1 14:00 -> 15:48,"BAG LTF, Sweep MTF",Price Action,13/02/2026 15:14 (GMT+7),For%20those%20who%20ever%20need/Notes/Performance/Untitled%2041f9-e96f/GERMANY40_2026-05-09_17-47-29_684cd.png,Loss,"GB Level, m15 ob"
26,Tues,Market,"15m, 5m",No,No,,4:03 - 4:30,"Range MTF, Trending HTF, Trending LTF",April,,EUR/USD,,Buy,2.68,2.68,A6 12:50 – 14:00,"FVG MTF, OB MTF",Price Action,07/04/2026,"For%20those%20who%20ever%20need/Notes/Performance/26/EURUSD_2026-04-07_21-46-22_1d6ca.png, For%20those%20who%20ever%20need/Notes/Performance/26/EURUSD_2026-04-07_21-48-32_dcf5f.png",Win,1st FVG
,Thurs,Market,1m,Yes,Yes,,4:03 - 4:30,"Countertrend MTF, Range HTF, Range LTF",Feb,,Ger40,,Sell,2.86,2.86,NY1 20:00 – 22:15,"Sweep LTF, Sweep MTF",Price Action,12/02/2026 21:54 (GMT+7),For%20those%20who%20ever%20need/Notes/Performance/Untitled%20a289-fc6d/GERMANY40_2026-05-09_17-43-56_172ef.png,Win,GB Level
25,Mon,Market,"1h, 5m",No,No,nên đặt SL dưới FVG,,"Range HTF, Range LTF, Trending MTF",April,,GBP/JPY,,Buy,-1,0.62,L3  17:36 – 19:24,"FVG HTF, Sweep LTF",Price Action,06/04/2026,For%20those%20who%20ever%20need/Notes/Performance/25/GBPJPY_2026-04-06_22-05-53_92381.png,Loss,h1 swing
,Tues,Market,"1m, m2",Yes,No,,,"Countertrend MTF, Range LTF, Trending HTF",Feb,,Ger40,,Buy,-1,2.17,NY1 20:00 – 22:15,"FVA LTF, Sweep LTF",Price Action,10/02/2026 21:38 (GMT+7),For%20those%20who%20ever%20need/Notes/Performance/Untitled%207e09-76f9/GERMANY40_2026-05-09_17-24-16_fcc99.png,Loss,London High
24,Mon,Market,"15m, 1m",No,No,Đóng ifvg thì cắt lệnh,4:03 - 4:30,"Countertrend HTF, Countertrend LTF, Range MTF",April,,Dầu,,Sell,-0.9,1.48,L1 14:00 -> 15:48,"FVG MTF, OB LTF",Price Action,06/04/2026,For%20those%20who%20ever%20need/Notes/Performance/24/TradingView_Screenshot_1775464486855.jpg,Loss,m15 swing
,Tues,Market,1m,No,Yes,Nếu break out bằng BAG thì entry bằng OB,4:03 - 4:30,"Trending HTF, Trending LTF, Trending MTF",Feb,,Ger40,,Buy,2,2,L2 15:48 – 17:36,"FVA LTF, Sweep LTF",Price Action,10/02/2026 16:09 (GMT+7),For%20those%20who%20ever%20need/Notes/Performance/Untitled%20d6e9-7252/GERMANY40_2026-05-09_17-18-10_30a85.png,Win,GB Level
23,Mon,Market,"15m, 5m",No,No,Clean,,"Countertrend MTF, Range HTF, Trending LTF",April,,GBP/USD,,Buy,2.44,2.44,A1 7h-8h10,"FVG MTF, MSS LTF, Sweep HTF",Price Action,06/04/2026,For%20those%20who%20ever%20need/Notes/Performance/23/TradingView_Screenshot_1775459764131.jpg,Win,50% gap
,Tues,Market,1m,No,Yes,,,"Countertrend HTF, Countertrend LTF, Countertrend MTF",Feb,,Ger40,,Sell,-1,0,L1 14:00 -> 15:48,"OB MTF, Sweep LTF, Tôn trọng ITH",Price Action,10/02/2026 15:53 (GMT+7),For%20those%20who%20ever%20need/Notes/Performance/Untitled%204489-6586/GERMANY40_2026-05-09_17-14-14_1a8d1.png,Loss,m1 swing
22,Fri,Limit,"1h, 5m",No,No,nên limit tại OB vì khi tạo FVG thanh khoản vẫn build up lên trong LTF nên khả năng cao nhất là giá sẽ về quét cho hết,,"Countertrend HTF, Countertrend LTF, Range MTF",April,,GBP/JPY,,Buy,0.83,2.01,A4 10:30 – 11:40,FVG HTF,Price Action,03/04/2026,For%20those%20who%20ever%20need/Notes/Performance/22/GBPJPY_2026-04-04_19-05-54_929ca.png,Win,h4 swing
,Wed,Market,1m,Yes,No,Đã có 1 đoạn VI ở HTF bên trái,,"Trending HTF, Trending LTF, Trending MTF",Jan,,US100,,Buy,0.7,2.39,NY2 22:15 – 00:30,OB LTF,Price Action,14/01/2026,"For%20those%20who%20ever%20need/Notes/Performance/Untitled%20b699-f9b3/NQ1!_2026-05-04_18-55-36_61eef.png, For%20those%20who%20ever%20need/Notes/Performance/Untitled%20b699-f9b3/NQ1!_2026-05-04_18-57-55_6bf5f.png",Win,GB Level
21,Fri,Market,"1h, 5m",No,No,Lệnh này vào sai khi giá vẫn chưa lấy đủ thanh khoản,,"Countertrend HTF, Range LTF, Trending MTF",April,,GBP/JPY,,Buy,-0.7,0.47,A3 09:20 – 10:30,"FVG LTF, MSS LTF",Price Action,03/04/2026,For%20those%20who%20ever%20need/Notes/Performance/21/GBPJPY_2026-04-04_19-03-10_2ec29.png,Loss,h4 swing
,Wed,Market,1m,Yes,Yes,"Plan bị sai, cần xem ở đâu là cản mạnh",4:03 - 4:30,"Trending HTF, Trending LTF, Trending MTF",Jan,,US100,,Sell,-1,0,NY1 20:00 – 22:15,"FVG LTF, MB LTF",Price Action,14/01/2026,For%20those%20who%20ever%20need/Notes/Performance/Untitled%204479-e120/NQ1!_2026-05-04_18-50-07_67d91.png,Loss,GB Level
20,Thurs,Market,"1h, 1m",No,No,cú quét phiên mỹ mạnh,,"Range LTF, Trending HTF, Trending MTF",April,,EUR/USD,,Buy,3.43,3.43,NY1 20:00 – 22:15,"FVG LTF, Sweep LTF",Price Action,02/04/2026,For%20those%20who%20ever%20need/Notes/Performance/20/EURUSD_2026-04-02_22-07-09_df22c.png,Win,H1 fvg
,Wed,Market,1m,Yes,Yes,Nên có data volume để đặt tp tại OB,4:03 - 4:30,"Countertrend LTF, Countertrend MTF, Range HTF",Jan,,US100,,Buy,0.85,3.39,NY1 20:00 – 22:15,"IFVG LTF, OB LTF",Price Action,14/01/2026,For%20those%20who%20ever%20need/Notes/Performance/Untitled%2021a9-69d2/NQ1!_2026-05-04_18-41-47_38c87.png,Win,m1 OB
19,Thurs,Market,1m,No,No,"lệnh cay cú, không chịu quan sát thị trường",,"Countertrend LTF, Countertrend MTF, Trending HTF",April,,EUR/USD,,Sell,-1,0.5,NY1 20:00 – 22:15,OB LTF,Price Action,02/04/2026,For%20those%20who%20ever%20need/Notes/Performance/19/EURUSD_2026-04-02_22-03-37_a7305.png,Loss,h4 fvg
,Tues,Market,1m,Yes,No,Giá đã chạm iBRK,4:03 - 4:30,"Countertrend MTF, Range HTF, Trending LTF",Jan,,US100,,Sell,-1,3.52,NY1 20:00 – 22:15,"FVA LTF, Sweep MTF",Price Action,13/01/2026 22:08 (GMT+7),For%20those%20who%20ever%20need/Notes/Performance/Untitled%206759-9865/NQ1!_2026-05-10_19-02-23_a2baa.png,Loss,GB Level
18,Thurs,Market,"15m, 1m, 4h",No,No,"Khi giá đã chạm BB h1, có tí hiệu sideway tạo mô hình vai đầu ở đáy thì phải chốt",,"Range LTF, Trending HTF, Trending MTF",April,,EUR/USD,,Sell,-0.8,3.85,L2 15:48 – 17:36,"CISD LTF, OB LTF, Sweep LTF",Price Action,02/04/2026,For%20those%20who%20ever%20need/Notes/Performance/18/EURUSD_2026-04-02_22-00-38_541e1.png,Loss,h4 fvg
,Tues,Market,1m,Yes,No,Với những volume over bullish hay over bearish thì đấy là vùng cản,,"Range HTF, Range LTF, Trending MTF",Jan,,US100,,Buy,-1,2.18,NY1 20:00 – 22:15,"BAG LTF, OB LTF, Sweep LTF",PA + VP,13/01/2026 21:38 (GMT+7),For%20those%20who%20ever%20need/Notes/Performance/Untitled%201a59-f541/NQ1!_2026-05-10_18-58-04_92920.png,Loss,m1 swing
17,Thurs,Market,"15m, 4h",No,No,mô hình 2 đỉnh nên chốt sớm,,"Countertrend HTF, Range MTF, Trending LTF",April,,XAU/USD,,Buy,1.55,2.13,NY1 20:00 – 22:15,FVG MTF,Price Action,02/04/2026,For%20those%20who%20ever%20need/Notes/Performance/17/XAUUSD_2026-04-02_17-26-18_afc1c.png,Win,h4 ob
,Tues,Market,1m,Yes,No,Đặt Sl dưới đáy sweep,,"Range HTF, Range LTF, Trending MTF",Jan,,US100,,Buy,-1,0,NY1 20:00 – 22:15,Sweep LTF,Price Action,13/01/2026 21:31 (GMT+7),For%20those%20who%20ever%20need/Notes/Performance/Untitled%20d679-60c0/NQ1!_2026-05-10_18-55-13_400d8.png,Loss,m1 swing
16,Thurs,Market,"15m, 1m, 4h",No,No,Nếu là BAG có thể gồng tới OB,,"Range HTF, Range MTF, Trending LTF",April,,GBP/JPY,,Sell,3.12,3.12,A3 09:20 – 10:30,"OB LTF, Sweep LTF",Price Action,02/04/2026,For%20those%20who%20ever%20need/Notes/Performance/16/GBPJPY_2026-04-02_17-19-57_1c9f0.png,Win,h4 fvg
,Mon,Market,1m,Yes,Yes,Nếu đã là 1 BAG thì cần tìm 1 hợp lưu,,"Market Open, Range HTF, Range LTF, Range MTF",Jan,,US100,,Buy,-1,0,NY1 20:00 – 22:15,RJ LTF,Price Action,13/01/2026,For%20those%20who%20ever%20need/Notes/Performance/Untitled%2077c9-e909/NQ1!_2026-05-04_18-06-29_cec41.png,Loss,m15 swing
15,Wed,Market,"15m, 1m, 4h",No,No,phải đặt sl ở dưới ITL,,"Range LTF, Range MTF, Trending HTF",April,,XAU/USD,,Buy,-1,1.62,NY1 20:00 – 22:15,OB LTF,Price Action,01/04/2026,For%20those%20who%20ever%20need/Notes/Performance/15/XAUUSD_2026-04-01_22-15-11_34afa.png,Loss,h4 ob
,Mon,Market,1m,Yes,No,,,"Range HTF, Trending LTF, Trending MTF",Jan,,US100,,Buy,-1,2.63,NY1 20:00 – 22:15,MB LTF,Price Action,12/01/2026 22:13 (GMT+7),For%20those%20who%20ever%20need/Notes/Performance/Untitled%20b1f9-e0f2/NQ1!_2026-05-10_17-12-29_f4ad6.png,Loss,h1 swing
14,Wed,Market,1m,No,No,fomo sell,,"Countertrend HTF, Range MTF, Trending HTF",April,,XAU/USD,,Sell,-1,0.5,NY1 20:00 – 22:15,,Price Action,01/04/2026,For%20those%20who%20ever%20need/Notes/Performance/14/XAUUSD_2026-04-01_22-12-27_febc1.png,Loss,m15 swing
,Mon,Market,1m,Yes,No,,,"Countertrend HTF, Range LTF, Range MTF",Jan,,US100,,Buy,2.41,2.41,NY1 20:00 – 22:15,"BAG LTF, Sweep LTF",Price Action,12/01/2026 21:30 (GMT+7),For%20those%20who%20ever%20need/Notes/Performance/Untitled%200e79-acc7/NQ1!_2026-05-10_17-11-03_d13b9.png,Win,m15 swing
13,Wed,Market,"15m, 1m, 5m",No,No,,,"Countertrend HTF, Countertrend MTF, Range LTF",April,,XAU/USD,,Sell,-1,1.5,L1 14:00 -> 15:48,FVG LTF,Price Action,01/04/2026,For%20those%20who%20ever%20need/Notes/Performance/13/XAUUSD_2026-04-01_22-07-01_f0255.png,Loss,m15 ob
,Tues,Market,"1h, 1m, 5m",Yes,Yes,,,"Range HTF, Range LTF, Range MTF",Dec,,US100,,Buy,1.52,3.48,A2 08:10 – 09:20,"FVA LTF, FVA MTF",Price Action,30/12/2025 20:00 (GMT+7),For%20those%20who%20ever%20need/Notes/Performance/Untitled%205e39-672e/NQ1!_2026-05-24_13-06-29_48598.png,Win,GB Level
12,Wed,Market,"15m, 1m",No,No,,,"Countertrend HTF, Countertrend LTF, Countertrend MTF",April,,XAU/USD,,Sell,-1,0.36,L1 14:00 -> 15:48,MB LTF,Price Action,01/04/2026,For%20those%20who%20ever%20need/Notes/Performance/12/XAUUSD_2026-04-01_22-05-05_8dc8b.png,Loss,m15 ob
,Tues,,,Yes,Yes,,,"Range HTF, Range MTF, Trending LTF",Dec,,US100,,Sell,3.5,8.63,L3  17:36 – 19:24,"GBT, OB LTF, Sweep LTF, Sweep MTF",Price Action,30/12/2025 17:43 (GMT+7),For%20those%20who%20ever%20need/Notes/Performance/Untitled%2036a9-3b59/NQ1!_2026-05-24_13-12-02_f5848.png,Win,GB Level
11,Wed,Market,"15m, 1m",No,No,,,"Countertrend LTF, Trending HTF, Trending LTF",April,,XAU/USD,,Buy,-1,2.2,A2 08:10 – 09:20,OB MTF,Price Action,01/04/2026,For%20those%20who%20ever%20need/Notes/Performance/11/XAUUSD_2026-04-01_21-57-49_9b832.png,Loss,m15 swing
,Tues,Market,1m,Yes,No,Chưa có phản ứng với vùng quan trọng và CISD chưa phá đáy quan trọng,4:03 - 4:30,"Countertrend LTF, Countertrend MTF, Range HTF",Dec,,US100,,Sell,-1,0,L1 14:00 -> 15:48,"CISD LTF, GBT, Sweep LTF",Price Action,30/12/2025 16:13 (GMT+7),For%20those%20who%20ever%20need/Notes/Performance/Untitled%202cb9-3c6d/NQ1!_2026-05-24_13-18-04_a5ac6.png,Loss,GB Level
,Tues,Market,1m,Yes,No,Đợi giá quét hết thanh khoản r hồi về OB quan trọng hẳn vào,,"Countertrend LTF, Countertrend MTF, Range HTF",Dec,,US100,,Sell,-1,0,L1 14:00 -> 15:48,"CISD LTF, Sweep LTF",Price Action,30/12/2025 15:40 (GMT+7),For%20those%20who%20ever%20need/Notes/Performance/Untitled%208129-08b3/NQ1!_2026-05-24_13-15-53_a0998.png,Loss,GB Level
,Tues,Market,"1h, 1m, 5m",No,Yes,"vào sớm quá, đợi về STL rồi entry",,"Range HTF, Range LTF, Range MTF",Dec,,US100,,Buy,-1,0.63,A2 08:10 – 09:20,BAG LTF,Price Action,30/12/2025 8:39 (GMT+7),For%20those%20who%20ever%20need/Notes/Performance/Untitled%205959-e274/NQ1!_2026-05-24_13-02-56_ab621.png,Loss,"GB Level, m15 LV"
,Mon,Market,1m,No,No,,,"Range HTF, Range MTF, Trending LTF",Dec,,US100,,Buy,4.6,8.72,NY3 00:30 – 02:45,"GBT, OB LTF",Price Action,29/12/2025 2:21 (GMT+7),For%20those%20who%20ever%20need/Notes/Performance/Untitled%204689-f911/NQ1!_2026-05-24_12-57-02_5bd88.png,Win,GB Level
,Mon,Limit,1m,Yes,Yes,,,"Range HTF, Range MTF, Trending LTF",Dec,,US100,,Buy,1.3,3.7,NY3 00:30 – 02:45,"FVA LTF, Phá LRLR",Price Action,29/12/2025 1:28 (GMT+7),For%20those%20who%20ever%20need/Notes/Performance/Untitled%208bc9-cdc3/NQ1!_2026-05-24_12-52-38_7ba68.png,Win,GB Level
,Tues,Limit,1m,No,Yes,First IFVG mới là điểm entry,,"Countertrend HTF, Countertrend LTF, Countertrend MTF",Dec,,US100,,Buy,-1,3.93,NY1 20:00 – 22:15,"IFVG LTF, OB MTF",Price Action,16/12/2025,For%20those%20who%20ever%20need/Notes/Performance/Untitled%20cfa9-95b9/USTEC_2026-05-03_11-12-28_45cdd.png,Loss,m15 swing
,Tues,Market,1m,Yes,Yes,,4:03 - 4:30,"Countertrend HTF, Range MTF, Trending LTF",Dec,,US100,,Buy,-1,0.93,NY1 20:00 – 22:15,"Sweep MTF, iBPR LTF",Price Action,16/12/2025,For%20those%20who%20ever%20need/Notes/Performance/Untitled%20cef9-1765/USTEC_2026-05-03_11-05-32_2b296.png,Loss,m15 FVG
,Tues,Limit,1m,Yes,Yes,"có vẻ do tin nên cây nến mở cửa m1 đi không như dự tính, tuy nhiên để an toàn thì nên để sl trên BB",,"Countertrend HTF, Range LTF, Range MTF",Dec,,US100,,Sell,-1,2.39,NY1 20:00 – 22:15,PB LTF,Price Action,16/12/2025,For%20those%20who%20ever%20need/Notes/Performance/Untitled%2052f9-a8d1/USTEC_2026-05-03_11-00-20_0dccc.png,Loss,m1 swing
,Tues,Limit,1m,Yes,Yes,Dù có hợp lưu nhưng nó không phải RJ,,"Countertrend HTF, Countertrend MTF, Market Open, Range MTF",Dec,,US100,,Sell,-1,0,NY1 20:00 – 22:15,RJ LTF,Price Action,16/12/2025,For%20those%20who%20ever%20need/Notes/Performance/Untitled%20a809-017d/USTEC_2026-05-03_10-55-13_150d8.png,Loss,m15 ob
,Mon,Limit,1m,Yes,Yes,đã có hợp lưu GB OB phía trên thì tp ở đó,4:03 - 4:30,"Countertrend MTF, Range HTF, Trending LTF",Dec,,US100,,Buy,-1,3.79,NY2 22:15 – 00:30,BB LTF,Price Action,15/12/2025,For%20those%20who%20ever%20need/Notes/Performance/Untitled%20b549-d848/USTEC_2026-05-03_10-49-19_80404.png,Loss,m15 swing
,Wed,Market,1m,No,Yes,Lệnh này đánh ngược trend lớn,,"Countertrend HTF, Range MTF, Trending LTF",Dec,,EUR/USD,,Sell,0,1.39,NY1 20:00 – 22:15,stop hunt goldbach,Price Action,03/12/2025 20:08 (GMT+7),For%20those%20who%20ever%20need/Notes/Performance/Untitled%2036c9-7ff5/EURUSD_2026-05-24_10-18-08_89fd7.png,BE,GB Level
,Fri,Limit,1m,No,No,Nếu vẫn còn Over Bearish hay Over Bullish thì nên đợi phản ứng tại đó và khi giá chạm STL đầu tiên thì chốt 1 nửa để an toàn vị thế trong range,9:50 - 10:10,"Range HTF, Range LTF, Range MTF",May,,US100,,Sell,-1,3.07,NY1 20:00 – 22:15,"CISD LTF, Sweep LTF, Sweep MTF",PA + VP,21/11/2025 21:03 (GMT+7),"For%20those%20who%20ever%20need/Notes/Performance/Untitled%20ba19-995c/NQ1!_2026-05-14_19-08-26_a2878.png, For%20those%20who%20ever%20need/Notes/Performance/Untitled%20ba19-995c/NQ1!_2026-05-14_19-11-57_0567b.png",Loss,"GB Level, SDTV"
,Wed,Market,1m,Yes,Yes,,,"Countertrend LTF, Range HTF, Range MTF",Nov,,US100,,Buy,-1,0,NY2 22:15 – 00:30,FVA LTF,Price Action,19/11/2025 23:22 (GMT+7),For%20those%20who%20ever%20need/Notes/Performance/Untitled%2083b9-4186/NQ1!_2026-05-14_15-34-04_d9b93.png,Loss,h1 swing
,Tues,Limit,1m,No,No,,,"Countertrend LTF, Range HTF, Range MTF",May,,US100,,Sell,33.7,33.7,NY2 22:15 – 00:30,Flat Block,Volume Profile,18/11/2025 0:00 (GMT+7),For%20those%20who%20ever%20need/Notes/Performance/Untitled%200029-a06e/NQ1!_2026-05-16_17-05-59_6c0c0.png,Win,m15 swing
,Mon,Limit,1m,Yes,No,tp an toàn nhất là ở OB gần nhất,9:50 - 10:10,"Countertrend MTF, Range HTF, Trending LTF",May,,US100,,Buy,-1,10.86,NY1 20:00 – 22:15,"Flat Block, POC",Volume Profile,17/11/2025 10:09 (GMT+7),For%20those%20who%20ever%20need/Notes/Performance/Untitled%207e19-3b0f/NQ1!_2026-05-16_13-33-46_ac60a.png,Loss,VAH
,Fri,Market,1m,No,Yes,,4:03 - 4:30,"Range HTF, Trending LTF, Trending MTF",Nov,,US100,,Buy,3.04,3.04,NY1 20:00 – 22:15,OB LTF,Price Action,14/11/2025 22:02 (GMT+7),For%20those%20who%20ever%20need/Notes/Performance/Untitled%207f09-d30d/USTEC_2026-05-07_21-44-51_d9aeb.png,Win,"GB Level, m15 swing"